PLAYER_ID,PLAYER_NAME,MIN,FGM,FGA,FG_PCT,FG3M,FG3A,FG3_PCT,FTM,FTA,FT_PCT,OREB,DREB,REB,AST,TOV,STL,BLK,BLKA,PF,PFD,PTS
2544,LeBron James,34.92,9.3,18.14,0.51,2.13,5.66,0.35,3.7,4.73,0.75,1.03,6.77,7.8,8.21,3.71,1.0,0.56,0.73,1.41,3.79,24.43
101108,Chris Paul,27.95,3.04,7.11,0.43,1.71,4.52,0.39,1.04,1.12,0.48,0.4,3.21,3.61,7.38,1.57,1.26,0.27,0.11,1.84,1.04,8.82
200768,Kyle Lowry,18.84,1.17,3.34,0.26,0.83,2.51,0.25,0.77,0.94,0.26,0.31,1.6,1.91,2.74,0.6,0.94,0.31,0.2,1.77,1.06,3.94
200782,P.J. Tucker,19.29,1.0,2.33,0.3,1.0,2.0,0.33,0.0,0.0,0.0,1.33,1.33,2.67,0.0,0.33,0.33,0.33,0.0,2.67,0.33,3.0
201142,Kevin Durant,36.53,9.55,18.13,0.54,2.58,6.0,0.47,4.89,5.82,0.81,0.37,5.66,6.03,4.24,3.06,0.81,1.24,0.52,1.68,5.34,26.56
201143,Al Horford,27.64,3.25,7.68,0.41,1.9,5.23,0.34,0.57,0.63,0.25,1.32,4.83,6.15,2.13,0.77,0.6,0.85,0.13,1.35,0.58,8.97
201144,Mike Conley,24.73,2.63,6.59,0.39,1.79,4.37,0.41,1.14,1.27,0.41,0.45,2.11,2.56,4.49,1.06,1.11,0.2,0.25,1.56,1.41,8.2
201145,Jeff Green,12.39,1.91,3.78,0.47,0.91,2.47,0.33,0.66,0.81,0.23,0.34,1.47,1.81,0.62,0.28,0.19,0.12,0.06,1.0,0.56,5.38
201566,Russell Westbrook,27.9,4.97,11.08,0.45,1.25,3.88,0.29,2.05,3.11,0.53,1.36,3.57,4.93,6.09,3.23,1.41,0.49,0.71,2.51,2.29,13.25
201567,Kevin Love,10.93,1.78,5.0,0.28,1.04,2.91,0.25,0.7,1.0,0.24,0.96,3.13,4.09,0.96,0.61,0.65,0.17,0.26,0.91,0.96,5.3
201569,Eric Gordon,19.7,2.23,5.23,0.38,1.44,3.51,0.34,0.92,1.23,0.36,0.21,0.97,1.18,1.67,0.72,0.67,0.31,0.36,0.82,0.85,6.82
201572,Brook Lopez,31.83,4.92,9.68,0.51,1.74,4.66,0.36,1.42,1.72,0.53,1.41,3.6,5.01,1.79,1.05,0.62,1.85,0.25,2.14,1.69,13.01
201587,Nicolas Batum,17.53,1.33,3.05,0.37,1.13,2.6,0.37,0.22,0.27,0.12,0.6,2.19,2.79,1.08,0.44,0.67,0.46,0.06,1.42,0.27,4.01
201599,DeAndre Jordan,12.33,1.62,2.5,0.58,0.0,0.0,0.0,0.48,1.14,0.15,1.5,3.57,5.07,0.95,0.71,0.29,0.48,0.25,1.32,1.21,3.73
201935,James Harden,35.3,6.72,16.39,0.41,2.97,8.46,0.35,6.39,7.32,0.86,0.7,5.08,5.77,8.7,4.32,1.49,0.7,0.82,2.05,4.7,22.81
201939,Stephen Curry,32.18,8.06,17.97,0.45,4.44,11.2,0.39,3.99,4.27,0.84,0.57,3.86,4.43,6.01,2.86,1.14,0.43,0.67,1.36,3.53,24.54
201942,DeMar DeRozan,35.94,8.1,16.99,0.48,1.09,3.32,0.3,4.91,5.73,0.83,0.65,3.22,3.87,4.44,1.36,0.81,0.42,0.74,1.95,4.1,22.21
201949,James Johnson,3.05,0.33,0.92,0.18,0.0,0.25,0.0,0.0,0.08,0.0,0.0,0.5,0.5,0.33,0.33,0.0,0.17,0.0,0.42,0.08,0.67
201950,Jrue Holiday,30.58,4.1,9.24,0.44,1.74,4.94,0.32,1.13,1.24,0.39,1.23,3.05,4.27,3.85,1.24,1.06,0.44,0.37,1.63,1.21,11.06
201959,Taj Gibson,11.05,1.27,2.57,0.44,0.03,0.05,0.01,0.32,0.54,0.16,1.38,1.86,3.24,0.57,0.68,0.24,0.49,0.32,1.46,0.54,2.89
201988,Patty Mills,11.06,1.24,3.31,0.29,0.9,2.59,0.27,0.45,0.48,0.19,0.14,0.62,0.76,0.9,0.59,0.45,0.1,0.1,0.83,0.62,3.83
202066,Garrett Temple,8.1,0.64,2.14,0.15,0.21,1.0,0.11,0.39,0.43,0.17,0.32,0.71,1.04,1.11,0.36,0.61,0.07,0.14,0.82,0.54,1.89
202331,Paul George,32.53,5.98,13.9,0.42,2.34,6.54,0.35,1.93,2.37,0.57,0.59,4.76,5.34,4.34,2.59,1.83,0.49,0.49,2.46,2.68,16.22
202681,Kyrie Irving,36.08,8.94,18.9,0.48,2.88,7.18,0.37,3.92,4.28,0.85,1.2,3.6,4.8,4.62,2.22,1.32,0.46,0.8,2.02,3.28,24.68
202684,Tristan Thompson,8.2,0.78,1.78,0.31,0.0,0.08,0.0,0.18,0.75,0.07,0.8,2.55,3.35,0.6,0.35,0.05,0.28,0.18,0.9,0.55,1.72
202685,Jonas Valančiūnas,18.81,4.26,7.74,0.55,0.1,0.46,0.07,1.79,2.04,0.68,2.35,5.4,7.74,2.02,1.48,0.46,0.57,0.48,2.23,2.07,10.41
202687,Bismack Biyombo,18.84,2.39,4.07,0.52,0.0,0.0,0.0,0.36,0.89,0.14,1.54,4.11,5.64,1.11,0.96,0.57,0.82,0.39,1.86,1.0,5.14
202691,Klay Thompson,27.29,5.01,12.18,0.4,3.0,7.68,0.37,0.93,1.03,0.37,0.61,2.81,3.42,2.01,1.22,0.69,0.42,0.29,1.12,0.71,13.96
202692,Alec Burks,17.62,2.35,5.53,0.38,1.8,4.22,0.36,0.78,1.0,0.31,0.31,2.22,2.53,1.12,0.59,0.57,0.14,0.18,0.76,0.88,7.27
202693,Markieff Morris,10.96,1.4,4.67,0.29,0.6,2.4,0.28,0.33,0.4,0.17,0.2,1.33,1.53,1.4,0.33,0.13,0.2,0.13,1.07,0.33,3.73
202695,Kawhi Leonard,31.89,8.38,16.84,0.5,2.11,5.14,0.39,2.65,3.27,0.71,0.95,4.97,5.92,3.14,1.95,1.59,0.46,0.3,1.51,3.3,21.51
202696,Nikola Vučević,31.21,7.53,14.22,0.54,1.77,4.4,0.39,1.64,2.04,0.53,2.44,7.63,10.07,3.51,1.63,0.84,0.71,0.52,2.23,2.25,18.48
202699,Tobias Harris,31.58,5.26,11.03,0.47,1.25,3.62,0.3,1.96,2.27,0.61,0.89,5.03,5.92,2.22,1.16,1.01,0.78,0.63,1.89,1.66,13.73
202704,Reggie Jackson,12.39,1.68,4.29,0.35,0.81,2.39,0.26,0.23,0.29,0.13,0.26,1.1,1.35,1.45,0.55,0.52,0.1,0.1,1.1,0.26,4.39
202709,Cory Joseph,12.23,1.24,3.08,0.36,0.78,2.14,0.29,0.28,0.36,0.14,0.34,1.14,1.48,1.44,0.36,0.52,0.08,0.1,1.0,0.76,3.54
202710,Jimmy Butler III,31.75,5.47,10.85,0.5,0.58,1.89,0.29,6.0,7.13,0.79,2.27,3.11,5.38,5.42,1.35,1.4,0.33,0.91,0.95,5.15,17.53
203076,Anthony Davis,33.44,9.22,17.84,0.51,0.69,2.43,0.23,5.61,7.24,0.71,2.63,8.94,11.57,3.55,2.22,1.16,2.16,0.76,1.92,5.35,24.73
203078,Bradley Beal,32.12,6.51,13.09,0.48,1.92,4.98,0.37,2.08,2.58,0.53,0.64,2.7,3.34,3.68,1.87,1.09,0.53,0.4,2.57,2.17,17.02
203081,Damian Lillard,36.08,7.66,17.1,0.44,3.4,9.03,0.37,6.24,6.78,0.91,0.5,4.19,4.69,7.07,2.79,1.21,0.17,0.74,1.67,5.16,24.95
203083,Andre Drummond,18.77,2.92,5.85,0.5,0.08,0.5,0.05,1.4,2.25,0.47,2.72,5.03,7.75,0.85,1.38,0.98,0.45,0.72,2.35,1.72,7.32
203084,Harrison Barnes,27.2,4.23,8.33,0.48,1.9,4.39,0.4,1.96,2.43,0.58,1.18,2.6,3.78,1.66,0.61,0.48,0.17,0.34,0.91,1.79,12.33
203109,Jae Crowder,11.42,0.78,2.44,0.19,0.44,1.67,0.19,0.56,0.67,0.09,0.67,1.56,2.22,0.67,0.44,0.33,0.0,0.11,1.11,0.33,2.56
203110,Draymond Green,29.17,3.18,7.49,0.41,1.18,3.62,0.28,1.49,2.16,0.49,1.09,5.0,6.09,5.63,2.56,1.46,1.03,0.31,3.22,2.59,9.01
203114,Khris Middleton,22.79,4.32,9.11,0.44,1.3,3.59,0.3,1.95,2.27,0.56,0.35,3.35,3.7,4.05,1.51,0.95,0.22,0.35,2.03,1.86,11.89
203458,Alex Len,8.26,0.7,1.37,0.32,0.04,0.2,0.03,0.17,0.37,0.08,0.83,1.24,2.07,0.83,0.43,0.2,0.46,0.15,1.22,0.39,1.61
203468,CJ McCollum,32.71,7.93,17.86,0.43,3.05,8.2,0.34,2.21,3.09,0.63,0.75,3.04,3.79,4.05,1.89,0.82,0.43,0.7,2.21,2.43,21.12
203471,Dennis Schröder,28.06,4.48,11.03,0.4,1.69,4.95,0.32,2.41,2.88,0.62,0.36,2.28,2.64,5.39,1.89,0.88,0.16,0.76,2.4,2.81,13.07
203482,Kelly Olynyk,20.25,3.05,6.09,0.5,0.75,1.8,0.35,1.89,2.45,0.49,1.41,3.27,4.68,2.91,1.73,0.75,0.43,0.3,2.8,2.18,8.73
203484,Kentavious Caldwell-Pope,29.6,3.1,7.06,0.41,1.47,4.29,0.31,1.06,1.23,0.47,0.43,1.77,2.19,1.77,0.81,1.29,0.44,0.13,1.77,1.36,8.74
203486,Mason Plumlee,17.57,1.69,2.73,0.54,0.0,0.05,0.0,1.12,1.73,0.37,1.57,4.58,6.15,1.81,0.8,0.45,0.64,0.35,2.08,1.49,4.5
203497,Rudy Gobert,33.17,4.74,7.08,0.67,0.0,0.0,0.0,2.56,3.79,0.59,3.68,7.22,10.9,1.76,1.24,0.78,1.44,0.75,2.53,3.61,12.03
203500,Steven Adams,13.69,1.57,2.88,0.48,0.0,0.03,0.0,0.74,1.6,0.24,2.86,2.78,5.64,1.14,0.93,0.38,0.48,0.17,1.03,1.78,3.88
203501,Tim Hardaway Jr.,27.96,3.58,8.83,0.39,2.18,5.94,0.34,1.61,1.88,0.52,0.23,2.14,2.38,1.6,0.62,0.49,0.09,0.25,1.25,1.96,10.96
203507,Giannis Antetokounmpo,34.16,11.84,19.69,0.61,0.21,0.94,0.1,6.51,10.55,0.58,2.19,9.72,11.91,6.46,3.07,0.87,1.16,1.13,2.31,7.57,30.39
203552,Seth Curry,15.62,2.41,5.04,0.38,1.22,2.68,0.34,0.49,0.57,0.26,0.35,1.31,1.66,0.88,0.47,0.4,0.1,0.1,0.87,0.76,6.53
203897,Zach LaVine,35.17,8.45,16.53,0.5,3.23,7.24,0.43,3.18,3.85,0.73,0.3,3.96,4.26,4.19,2.81,0.78,0.16,0.65,1.64,3.08,23.3
203901,Elfrid Payton,21.28,1.67,5.08,0.25,0.04,0.25,0.04,0.17,0.29,0.05,0.62,2.67,3.29,6.92,2.46,1.0,0.46,0.42,1.5,0.46,3.54
203903,Jordan Clarkson,26.01,5.43,13.32,0.4,2.27,6.27,0.33,3.08,3.86,0.7,0.68,2.51,3.19,3.73,2.32,0.84,0.24,1.0,1.41,2.97,16.22
203914,Gary Harris,14.81,1.06,2.77,0.31,0.75,2.1,0.25,0.15,0.25,0.06,0.42,0.92,1.33,0.62,0.35,0.54,0.25,0.15,0.94,0.15,3.02
203915,Spencer Dinwiddie,27.04,3.59,8.63,0.41,1.38,4.13,0.35,2.47,3.08,0.57,0.23,2.42,2.65,4.42,1.29,0.89,0.22,0.29,1.53,2.49,11.04
203924,Jerami Grant,32.42,4.55,12.21,0.37,2.3,6.3,0.36,3.0,3.53,0.61,0.55,2.91,3.47,2.15,1.38,0.87,0.98,0.89,2.32,2.57,14.4
203926,Doug McDermott,8.13,1.19,2.79,0.27,1.05,2.4,0.28,0.07,0.12,0.03,0.07,0.45,0.52,0.17,0.14,0.1,0.05,0.07,0.71,0.07,3.5
203932,Aaron Gordon,28.37,5.18,9.75,0.52,1.47,3.37,0.43,2.84,3.51,0.67,1.57,3.27,4.84,3.22,1.43,0.45,0.27,0.73,1.61,2.69,14.67
203935,Marcus Smart,20.01,2.97,7.56,0.39,1.44,4.15,0.32,1.59,2.09,0.45,0.53,1.59,2.12,3.21,1.59,1.15,0.26,0.26,1.56,2.0,8.97
203937,Kyle Anderson,16.43,2.33,4.97,0.47,0.41,1.15,0.22,0.79,1.07,0.27,0.87,2.51,3.38,2.38,0.61,0.66,0.54,0.28,1.33,0.98,5.85
203939,Dwight Powell,10.02,0.76,1.11,0.36,0.04,0.09,0.03,0.51,0.78,0.22,0.85,1.29,2.15,1.0,0.33,0.33,0.38,0.11,1.36,0.87,2.07
203944,Julius Randle,32.25,6.59,13.61,0.48,1.57,4.55,0.3,3.91,4.86,0.72,2.09,4.97,7.06,4.68,2.84,0.68,0.23,0.87,2.54,3.72,18.67
203952,Andrew Wiggins,30.7,6.27,13.98,0.44,2.17,5.8,0.36,3.27,4.28,0.69,1.48,3.0,4.48,2.63,1.65,1.0,0.83,1.05,1.68,2.9,17.97
203954,Joel Embiid,30.23,7.37,16.58,0.43,1.21,4.05,0.33,7.84,8.89,0.84,1.89,6.26,8.16,4.47,3.26,0.74,0.95,0.74,2.21,6.16,23.79
203957,Danté Exum,18.62,3.2,6.7,0.46,1.15,2.65,0.38,1.15,1.55,0.41,0.2,1.45,1.65,2.8,1.1,0.6,0.15,0.7,1.7,1.55,8.7
203967,Dario Šarić,13.15,1.31,3.62,0.3,0.44,1.62,0.12,0.44,0.62,0.19,0.88,2.25,3.12,1.44,0.94,0.44,0.06,0.5,1.19,0.94,3.5
203991,Clint Capela,21.39,3.96,7.09,0.57,0.0,0.02,0.0,0.95,1.76,0.35,3.16,5.36,8.53,1.13,0.85,0.62,0.96,0.65,1.93,1.62,8.87
203992,Bogdan Bogdanović,24.96,3.89,9.11,0.44,1.94,5.35,0.4,1.07,1.22,0.42,0.44,2.5,2.94,2.7,1.37,0.76,0.2,0.22,2.35,1.35,10.8
203994,Jusuf Nurkić,20.84,3.29,6.9,0.46,0.63,2.06,0.25,1.67,2.51,0.53,1.67,6.14,7.8,2.25,1.9,0.78,0.67,0.31,2.55,2.49,8.88
203995,Vasilije Micić,19.14,2.32,6.66,0.29,1.1,3.05,0.27,0.83,1.0,0.32,0.49,1.68,2.17,3.12,1.88,0.37,0.0,0.56,1.1,1.17,6.56
203999,Nikola Jokić,36.73,11.23,19.49,0.58,1.97,4.73,0.43,5.16,6.44,0.76,2.86,9.89,12.74,10.23,3.29,1.81,0.64,0.9,2.29,5.86,29.59
204001,Kristaps Porziņģis,28.81,6.6,13.67,0.49,2.45,5.95,0.42,3.83,4.74,0.75,1.62,5.14,6.76,2.07,1.26,0.74,1.5,0.55,2.76,5.1,19.48
204060,Joe Ingles,6.0,0.32,1.21,0.06,0.16,0.79,0.05,0.0,0.0,0.0,0.11,0.47,0.58,1.21,0.47,0.11,0.0,0.05,0.63,0.26,0.79
204456,T.J. McConnell,17.92,4.1,7.9,0.51,0.19,0.62,0.14,0.72,0.97,0.24,0.56,1.89,2.44,4.44,1.38,1.05,0.27,0.53,1.0,1.2,9.11
1626143,Jahlil Okafor,3.37,0.0,0.0,0.0,0.0,0.0,0.0,0.0,0.0,0.0,0.0,1.0,1.0,1.0,0.0,0.0,0.0,0.0,0.0,0.0,0.0
1626145,Tyus Jones,26.83,3.78,8.43,0.43,2.05,4.95,0.39,0.63,0.7,0.26,0.49,1.93,2.42,5.3,1.12,0.85,0.1,0.32,0.78,0.94,10.23
1626153,Delon Wright,15.86,1.12,3.28,0.25,0.5,1.82,0.19,0.38,0.62,0.14,0.68,0.98,1.65,1.92,0.55,0.88,0.3,0.18,0.62,0.78,3.12
1626156,D'Angelo Russell,25.52,4.29,11.0,0.37,1.95,6.21,0.3,2.09,2.5,0.58,0.34,2.45,2.79,5.12,1.86,0.97,0.4,0.24,1.98,2.4,12.62
1626157,Karl-Anthony Towns,34.95,8.88,16.88,0.52,1.97,4.69,0.42,4.71,5.68,0.83,2.94,9.83,12.78,3.08,2.67,0.99,0.69,1.15,3.46,4.79,24.43
1626158,Richaun Holmes,17.23,2.9,4.48,0.6,0.0,0.1,0.0,1.61,1.94,0.56,2.0,3.71,5.71,1.35,0.68,0.29,0.74,0.32,1.58,1.71,7.42
1626162,Kelly Oubre Jr.,34.64,5.8,12.35,0.47,1.18,4.03,0.26,2.32,3.08,0.56,1.62,4.52,6.13,1.8,1.33,1.53,0.5,1.1,3.0,2.8,15.1
1626164,Devin Booker,37.27,8.72,18.93,0.45,2.44,7.35,0.3,5.76,6.44,0.89,1.01,3.05,4.07,7.05,2.93,0.89,0.21,0.83,2.64,5.39,25.64
1626166,Cameron Payne,15.14,2.49,6.19,0.36,1.29,3.56,0.3,0.68,0.75,0.27,0.19,1.25,1.44,2.82,0.72,0.54,0.22,0.17,1.54,0.85,6.94
1626167,Myles Turner,30.19,5.42,11.26,0.48,2.17,5.47,0.37,2.56,3.31,0.64,1.25,5.29,6.54,1.54,1.71,0.75,2.0,0.51,2.54,2.83,15.56
1626168,Trey Lyles,19.56,2.28,5.42,0.41,1.17,3.45,0.32,0.81,1.16,0.33,1.16,3.42,4.58,1.19,0.57,0.59,0.33,0.17,1.25,1.14,6.54
1626171,Bobby Portis,25.38,5.65,12.14,0.47,1.33,3.63,0.33,1.24,1.49,0.51,1.84,6.55,8.39,2.12,1.16,0.71,0.53,0.63,1.92,1.47,13.88
1626172,Kevon Looney,15.03,1.88,3.66,0.51,0.03,0.07,0.03,0.74,1.3,0.29,2.43,3.64,6.08,1.55,0.51,0.61,0.49,0.22,2.03,1.11,4.53
1626179,Terry Rozier,25.91,3.88,9.92,0.37,1.42,4.81,0.26,1.44,1.69,0.5,0.69,3.03,3.72,2.61,1.22,0.58,0.22,0.56,1.14,1.53,10.61
1626181,Norman Powell,32.63,7.62,15.75,0.48,2.98,7.13,0.42,3.55,4.42,0.72,0.35,2.82,3.17,2.08,1.8,1.22,0.15,0.87,1.9,3.47,21.77
1626192,Pat Connaughton,14.7,2.02,4.32,0.43,0.63,1.98,0.27,0.59,0.76,0.22,0.46,2.2,2.66,1.71,0.59,0.22,0.27,0.24,1.1,0.76,5.27
1626196,Josh Richardson,18.69,1.38,4.75,0.25,0.75,2.75,0.28,0.5,0.5,0.25,0.75,0.75,1.5,1.5,1.0,1.0,0.12,0.38,2.12,1.25,4.0
1626204,Larry Nance Jr.,19.3,3.33,6.46,0.47,1.42,3.17,0.34,0.38,0.54,0.19,0.96,3.33,4.29,1.58,0.67,0.83,0.54,0.25,1.54,1.04,8.46
1626220,Royce O'Neale,24.49,3.21,7.6,0.41,2.39,5.88,0.39,0.25,0.35,0.12,0.71,3.95,4.65,2.17,0.87,0.89,0.45,0.25,2.01,0.41,9.07
1627732,Ben Simmons,21.95,2.27,4.37,0.46,0.0,0.0,0.0,0.47,0.65,0.15,0.92,3.8,4.73,5.59,2.0,0.75,0.45,0.2,2.1,1.14,5.02
1627734,Domantas Sabonis,34.7,7.53,12.76,0.59,0.93,2.23,0.36,3.11,4.13,0.67,3.81,10.07,13.89,6.04,2.89,0.69,0.37,0.84,3.27,3.96,19.1
1627736,Malik Beasley,27.84,5.62,13.06,0.43,3.89,9.34,0.41,1.16,1.71,0.41,0.57,2.04,2.61,1.7,1.01,0.89,0.06,0.35,1.52,1.32,16.29
1627739,Kris Dunn,24.09,2.59,5.91,0.45,1.01,3.03,0.36,0.2,0.3,0.1,0.72,2.68,3.39,2.84,1.0,1.73,0.36,0.18,2.66,0.49,6.41
1627741,Buddy Hield,22.72,4.0,9.59,0.39,2.48,6.7,0.34,0.65,0.78,0.3,0.62,2.6,3.22,1.63,1.11,0.84,0.28,0.38,1.61,0.56,11.12
1627742,Brandon Ingram,33.06,8.61,18.5,0.45,2.39,6.39,0.38,2.61,3.06,0.73,0.94,4.61,5.56,5.17,3.83,0.89,0.61,1.17,2.5,3.67,22.22
1627746,Skal Labissiere,2.99,0.5,1.0,0.25,0.25,0.25,0.25,0.0,0.0,0.0,0.25,0.5,0.75,0.25,0.0,0.0,0.0,0.0,0.25,0.0,1.25
1627747,Caris LeVert,24.94,4.38,9.36,0.44,1.66,4.44,0.35,1.72,2.42,0.52,0.64,2.53,3.17,3.36,1.19,0.89,0.52,0.42,1.55,1.7,12.12
1627749,Dejounte Murray,32.65,6.26,15.94,0.39,1.68,5.61,0.28,3.29,4.0,0.76,0.55,5.9,6.45,7.35,3.42,2.03,0.39,0.65,1.97,2.65,17.48
1627750,Jamal Murray,36.09,7.93,16.73,0.47,2.33,5.93,0.36,3.25,3.67,0.8,0.67,3.22,3.9,6.01,2.06,1.36,0.49,0.69,1.91,3.15,21.43
1627751,Jakob Poeltl,29.57,6.37,10.16,0.61,0.02,0.05,0.02,1.7,2.53,0.49,3.32,6.28,9.6,2.77,1.95,1.16,1.25,0.61,3.09,2.28,14.46
1627752,Taurean Prince,27.07,2.94,6.42,0.44,1.84,4.19,0.43,0.49,0.6,0.24,0.42,3.16,3.59,1.94,1.02,0.95,0.19,0.28,2.06,0.75,8.2
1627759,Jaylen Brown,34.25,8.22,17.75,0.47,1.84,5.68,0.32,3.9,5.11,0.69,1.3,4.54,5.84,4.54,2.57,1.16,0.3,1.08,2.44,4.63,22.19
1627763,Malcolm Brogdon,23.5,4.33,10.0,0.41,0.67,2.33,0.24,3.38,3.83,0.76,0.88,2.92,3.79,4.08,1.58,0.54,0.21,0.79,1.25,2.83,12.71
1627777,Georges Niang,21.48,3.62,7.85,0.46,2.1,5.18,0.4,0.58,0.73,0.27,0.59,2.85,3.44,1.41,1.04,0.35,0.18,0.27,2.54,0.73,9.92
1627780,Gary Payton II,14.95,2.76,4.81,0.54,0.5,1.53,0.2,0.44,0.61,0.21,0.85,2.13,2.98,1.34,0.63,0.84,0.27,0.32,1.74,0.58,6.45
1627783,Pascal Siakam,32.66,7.86,15.15,0.52,1.62,4.15,0.37,2.9,3.95,0.71,1.71,5.22,6.92,3.37,1.4,0.9,0.54,0.58,2.42,3.42,20.23
1627814,Damion Lee,5.76,1.08,2.96,0.34,0.36,1.48,0.2,0.8,0.84,0.35,0.12,0.68,0.8,0.44,0.4,0.24,0.0,0.12,0.24,0.48,3.32
1627824,Guerschon Yabusele,27.07,4.03,8.04,0.46,1.49,3.91,0.31,1.43,1.97,0.5,1.91,3.73,5.64,2.11,1.24,0.83,0.34,0.44,2.34,1.87,10.97
1627826,Ivica Zubac,32.8,7.4,11.78,0.62,0.0,0.0,0.0,1.95,2.95,0.54,3.75,8.88,12.62,2.68,1.59,0.69,1.12,0.72,2.1,3.02,16.75
1627827,Dorian Finney-Smith,28.87,3.1,6.9,0.44,2.05,4.98,0.38,0.48,0.71,0.18,1.27,2.65,3.92,1.43,0.89,0.92,0.37,0.38,2.16,0.67,8.71
1627832,Fred VanVleet,35.19,4.78,12.65,0.36,2.65,7.68,0.33,1.85,2.28,0.52,0.53,3.15,3.68,5.55,1.45,1.57,0.42,0.37,2.33,1.93,14.07
1627884,Derrick Jones Jr.,24.33,4.03,7.65,0.54,1.01,2.84,0.33,1.08,1.53,0.43,1.21,2.21,3.42,0.78,0.86,1.03,0.43,0.32,1.99,1.32,10.14
1627936,Alex Caruso,19.27,2.59,5.81,0.41,1.11,3.15,0.34,0.78,0.94,0.31,0.7,2.24,2.94,2.54,0.69,1.61,0.56,0.26,1.89,1.15,7.07
1628365,Markelle Fultz,8.76,1.33,3.19,0.37,0.19,0.38,0.12,0.05,0.05,0.05,0.29,0.67,0.95,1.29,0.71,0.48,0.1,0.1,0.57,0.14,2.9
1628366,Lonzo Ball,22.2,2.54,6.94,0.39,1.91,5.57,0.35,0.63,0.77,0.21,0.71,2.66,3.37,3.29,1.17,1.34,0.49,0.11,1.57,0.51,7.63
1628368,De'Aaron Fox,36.15,8.69,18.76,0.46,1.9,6.15,0.32,4.24,5.13,0.74,0.87,3.94,4.81,6.32,2.81,1.47,0.4,0.9,2.65,4.21,23.53
1628369,Jayson Tatum,36.44,9.19,20.35,0.45,3.47,10.11,0.34,4.97,6.11,0.83,0.67,7.99,8.65,5.99,2.9,1.06,0.53,0.78,2.18,4.26,26.83
1628370,Malik Monk,31.6,6.34,14.45,0.43,2.14,6.58,0.29,2.37,2.74,0.66,0.46,3.31,3.77,5.57,2.45,0.94,0.58,0.83,2.43,2.29,17.18
1628371,Jonathan Isaac,15.35,1.89,4.56,0.39,0.55,2.13,0.2,1.03,1.51,0.38,1.69,2.73,4.42,0.56,0.46,0.86,1.13,0.2,1.27,1.11,5.35
1628374,Lauri Markkanen,31.4,6.3,14.89,0.43,2.94,8.49,0.35,3.45,3.94,0.74,1.53,4.38,5.91,1.49,1.4,0.7,0.36,0.83,1.68,3.38,18.98
1628378,Donovan Mitchell,31.44,8.24,18.59,0.44,3.28,8.92,0.36,4.2,5.1,0.75,0.8,3.73,4.54,4.99,2.1,1.34,0.24,0.7,1.97,3.92,23.96
1628379,Luke Kennard,22.64,3.17,6.63,0.42,1.74,4.02,0.36,0.78,0.88,0.34,0.57,2.25,2.82,3.31,1.11,0.77,0.08,0.17,0.91,0.69,8.86
1628380,Zach Collins,15.27,2.39,4.72,0.47,0.5,1.66,0.25,1.08,1.22,0.33,1.59,2.91,4.5,1.73,0.94,0.45,0.45,0.3,2.06,1.31,6.36
1628381,John Collins,30.51,7.0,13.28,0.54,1.48,3.7,0.38,3.48,4.1,0.89,2.22,5.95,8.18,2.0,2.58,0.98,1.0,1.35,2.9,3.88,18.95
1628384,OG Anunoby,36.56,6.61,13.88,0.47,2.31,6.22,0.36,2.47,3.05,0.63,1.31,3.53,4.84,2.22,1.38,1.49,0.88,1.2,2.32,2.36,18.0
1628386,Jarrett Allen,28.0,5.51,7.8,0.7,0.0,0.06,0.0,2.43,3.38,0.58,2.63,7.1,9.73,1.93,1.18,0.94,0.89,0.57,1.55,3.13,13.45
1628389,Bam Adebayo,34.28,6.92,14.27,0.48,1.01,2.83,0.31,3.22,4.21,0.69,2.37,7.23,9.6,4.32,2.06,1.26,0.68,0.59,2.08,3.96,18.08
1628392,Isaiah Hartenstein,27.89,4.89,8.42,0.58,0.0,0.33,0.0,1.39,2.05,0.43,2.86,7.86,10.72,3.84,1.68,0.82,1.09,0.54,3.0,1.65,11.18
1628396,Tony Bradley,8.05,2.07,3.21,0.53,0.07,0.21,0.07,0.14,0.43,0.04,1.29,1.71,3.0,0.43,0.36,0.14,0.64,0.29,0.79,0.71,4.36
1628398,Kyle Kuzma,29.79,5.69,13.05,0.44,1.48,4.82,0.25,1.97,3.11,0.46,0.83,4.86,5.69,2.34,2.25,0.55,0.29,0.6,1.83,2.45,14.83
1628401,Derrick White,33.86,5.58,12.62,0.44,3.49,9.09,0.39,1.78,2.12,0.62,0.88,3.61,4.49,4.75,1.72,0.95,1.05,0.3,1.82,2.16,16.42
1628404,Josh Hart,37.62,5.25,10.0,0.53,1.09,3.27,0.31,2.06,2.66,0.56,2.09,7.48,9.57,5.88,2.05,1.55,0.35,0.77,2.61,2.36,13.65
1628408,PJ Dozier,3.88,0.22,0.33,0.22,0.22,0.33,0.22,0.11,0.67,0.06,0.11,0.44,0.56,0.56,0.11,0.11,0.0,0.0,0.33,0.33,0.78
1628415,Dillon Brooks,31.84,5.12,11.93,0.42,2.48,6.25,0.39,1.32,1.61,0.45,1.0,2.67,3.67,1.71,1.01,0.8,0.21,0.48,3.23,1.45,14.04
1628418,Thomas Bryant,14.59,2.47,4.86,0.46,0.73,2.24,0.3,0.83,0.97,0.44,1.26,2.55,3.8,0.8,0.45,0.42,0.62,0.26,1.15,0.94,6.5
1628420,Monté Morris,12.68,1.84,4.33,0.39,0.69,1.91,0.26,0.8,0.93,0.29,0.27,1.22,1.49,1.62,0.47,0.44,0.07,0.31,0.51,0.64,5.18
1628427,Vlatko Čančar,10.45,0.77,2.0,0.22,0.31,1.15,0.14,0.0,0.0,0.0,0.46,2.0,2.46,0.69,0.85,0.23,0.15,0.15,0.77,0.31,1.85
1628436,Luke Kornet,18.64,2.56,3.84,0.56,0.0,0.04,0.0,0.92,1.33,0.33,2.6,2.71,5.32,1.6,0.42,0.49,0.97,0.29,1.63,1.42,6.04
1628449,Chris Boucher,17.25,3.64,7.4,0.46,1.4,3.86,0.3,1.36,1.74,0.4,1.4,3.08,4.48,0.66,0.58,0.48,0.5,0.38,1.36,1.38,10.04
1628464,Daniel Theis,16.35,1.61,3.39,0.4,0.24,0.97,0.17,0.82,0.97,0.32,1.16,3.16,4.32,1.58,0.66,0.47,0.53,0.18,1.84,1.18,4.26
1628467,Maxi Kleber,18.73,1.09,2.82,0.32,0.38,1.44,0.21,0.47,0.62,0.19,0.74,2.06,2.79,1.26,0.68,0.26,0.5,0.21,1.94,0.85,3.03
1628470,Torrey Craig,12.07,1.46,3.46,0.31,0.92,2.54,0.27,0.31,0.46,0.15,1.04,1.77,2.81,0.65,0.31,0.31,0.46,0.12,1.31,0.38,4.15
1628960,Grayson Allen,24.12,3.42,7.64,0.45,2.33,5.47,0.43,1.45,1.78,0.47,0.53,2.5,3.03,2.14,1.17,0.84,0.3,0.28,1.48,1.66,10.62
1628963,Marvin Bagley III,8.56,1.77,3.42,0.38,0.1,0.61,0.04,0.74,1.13,0.27,1.23,1.48,2.71,0.35,0.39,0.29,0.26,0.13,0.58,0.84,4.39
1628964,Mo Bamba,12.92,1.62,3.5,0.46,0.47,1.69,0.22,0.59,0.84,0.29,1.0,3.53,4.53,0.56,0.62,0.28,0.97,0.19,1.75,0.59,4.31
1628969,Mikal Bridges,37.03,7.22,14.43,0.49,2.0,5.65,0.33,1.17,1.44,0.42,0.87,2.29,3.16,3.73,1.61,0.91,0.52,0.29,1.55,1.59,17.61
1628970,Miles Bridges,31.7,7.33,17.02,0.43,2.2,7.03,0.31,3.45,3.97,0.77,1.12,6.39,7.52,3.88,2.12,0.69,0.7,1.12,1.45,2.83,20.31
1628971,Bruce Brown,22.48,3.17,7.54,0.36,0.66,1.98,0.23,1.29,1.59,0.56,0.98,3.02,4.0,2.05,0.95,0.83,0.24,0.54,1.73,1.17,8.29
1628973,Jalen Brunson,35.4,9.0,18.46,0.48,2.34,6.11,0.35,5.66,6.89,0.78,0.42,2.46,2.88,7.31,2.52,0.92,0.12,0.77,2.12,6.31,26.0
1628975,Jevon Carter,8.9,1.53,4.06,0.34,0.97,2.92,0.23,0.22,0.28,0.11,0.11,0.97,1.08,1.11,0.31,0.36,0.08,0.11,0.42,0.22,4.25
1628976,Wendell Carter Jr.,25.86,3.32,7.22,0.46,0.54,2.32,0.23,1.9,2.57,0.54,2.22,5.01,7.24,1.97,1.13,0.76,0.6,0.46,2.93,2.6,9.09
1628978,Donte DiVincenzo,25.9,4.03,9.56,0.41,2.81,7.06,0.39,0.79,1.02,0.33,0.52,3.16,3.68,3.63,1.6,1.18,0.27,0.35,1.84,1.39,11.66
1628981,Bruno Fernando,8.62,1.53,2.88,0.49,0.0,0.0,0.0,0.35,0.47,0.18,1.24,1.76,3.0,1.06,0.82,0.24,0.53,0.41,1.59,0.59,3.41
1628983,Shai Gilgeous-Alexander,34.18,11.32,21.79,0.52,2.14,5.72,0.4,7.91,8.8,0.89,0.88,4.11,4.99,6.39,2.41,1.72,1.01,1.01,2.16,6.14,32.68
1628988,Aaron Holiday,12.78,1.89,4.32,0.37,1.16,2.92,0.31,0.55,0.66,0.25,0.21,1.05,1.26,1.34,0.6,0.31,0.18,0.18,1.03,0.79,5.48
1628989,Kevin Huerter,24.33,3.72,8.75,0.39,1.91,5.67,0.31,0.51,0.71,0.24,0.43,2.54,2.97,2.26,0.97,0.96,0.33,0.2,1.75,0.62,9.87
1628991,Jaren Jackson Jr.,29.82,8.0,16.39,0.49,1.97,5.26,0.37,4.2,5.38,0.74,1.23,4.41,5.64,2.0,2.07,1.24,1.53,1.18,3.47,4.51,22.18
1628995,Kevin Knox II,5.98,1.29,2.57,0.33,0.29,1.07,0.13,0.43,0.57,0.16,0.5,0.71,1.21,0.36,0.29,0.14,0.29,0.07,0.43,0.43,3.29
1628997,Caleb Martin,27.07,2.87,6.76,0.41,0.82,2.29,0.27,1.36,2.18,0.39,1.18,2.76,3.93,2.11,1.24,1.02,0.51,0.33,1.93,1.8,7.91
1628998,Cody Martin,22.14,2.57,6.13,0.39,0.81,2.85,0.25,0.81,1.15,0.34,1.0,3.23,4.23,1.98,0.96,1.06,0.6,0.28,1.79,1.15,6.75
1629001,De'Anthony Melton,20.16,3.67,9.0,0.38,2.17,5.83,0.34,0.83,1.33,0.19,1.0,2.33,3.33,2.83,1.67,1.17,0.33,0.17,3.0,1.17,10.33
1629003,Shake Milton,14.67,2.02,4.46,0.32,0.67,1.86,0.2,0.82,1.04,0.27,0.54,1.28,1.82,1.79,0.7,0.44,0.07,0.33,1.18,1.12,5.53
1629004,Svi Mykhailiuk,20.01,3.11,7.95,0.36,1.84,5.34,0.33,0.74,0.92,0.32,0.58,1.79,2.37,2.0,1.37,0.5,0.18,0.42,1.13,0.79,8.79
1629006,Josh Okogie,15.62,2.35,5.3,0.42,0.8,2.3,0.26,1.58,2.12,0.36,1.12,1.7,2.82,0.82,0.78,1.2,0.45,0.52,1.18,1.7,7.08
1629008,Michael Porter Jr.,33.68,6.86,13.61,0.5,2.51,6.35,0.39,1.94,2.52,0.65,1.79,5.22,7.01,2.14,1.35,0.65,0.49,0.62,2.04,1.79,18.16
1629011,Mitchell Robinson,17.07,2.18,3.29,0.67,0.0,0.0,0.0,0.76,1.12,0.26,3.06,2.88,5.94,0.76,0.59,0.94,1.06,0.06,1.53,1.0,5.12
1629012,Collin Sexton,27.9,6.6,13.76,0.48,1.75,4.3,0.37,3.44,3.98,0.76,0.95,1.76,2.71,4.19,2.54,0.75,0.1,1.19,2.29,3.48,18.4
1629013,Landry Shamet,15.23,2.12,4.6,0.44,1.24,3.12,0.31,0.24,0.36,0.11,0.22,1.0,1.22,0.54,0.44,0.46,0.04,0.24,1.04,0.72,5.72
1629014,Anfernee Simons,32.74,6.84,16.07,0.41,3.07,8.47,0.34,2.5,2.77,0.68,0.36,2.34,2.7,4.81,2.04,0.86,0.07,0.91,1.67,2.0,19.26
1629018,Gary Trent Jr.,25.59,3.82,8.88,0.42,2.43,5.85,0.39,1.05,1.24,0.41,0.27,2.0,2.27,1.18,0.57,0.97,0.05,0.15,1.68,0.96,11.14
1629020,Jarred Vanderbilt,16.13,1.64,3.36,0.43,0.25,0.89,0.14,0.56,1.0,0.22,1.89,3.17,5.06,1.14,0.81,0.97,0.28,0.47,1.86,1.08,4.08
1629021,Moritz Wagner,18.81,4.67,8.3,0.54,0.9,2.5,0.34,2.63,3.67,0.6,1.33,3.6,4.93,1.4,1.63,0.8,0.4,0.47,1.83,3.2,12.87
1629022,Lonnie Walker IV,23.84,4.45,10.6,0.37,2.25,6.35,0.32,1.2,1.5,0.33,0.3,2.85,3.15,2.5,1.25,0.5,0.25,0.4,1.35,1.0,12.35
1629023,P.J. Washington,32.19,5.28,11.67,0.45,1.6,4.19,0.36,2.51,3.47,0.49,1.44,6.32,7.75,2.3,2.07,1.11,1.05,0.88,2.3,2.77,14.67
1629026,Kenrich Williams,16.4,2.48,5.13,0.48,0.96,2.48,0.34,0.41,0.57,0.2,0.94,2.55,3.49,1.41,0.57,0.62,0.14,0.32,1.59,0.78,6.32
1629027,Trae Young,36.04,7.45,18.11,0.41,2.87,8.45,0.33,6.46,7.38,0.84,0.47,2.63,3.11,11.58,4.67,1.2,0.16,0.87,1.91,5.66,24.22
1629028,Deandre Ayton,30.14,6.62,11.7,0.57,0.15,0.8,0.1,1.0,1.5,0.3,3.1,7.05,10.15,1.6,1.72,0.78,0.98,0.38,2.2,1.48,14.4
1629029,Luka Dončić,35.37,9.22,20.5,0.45,3.54,9.62,0.35,6.18,7.9,0.78,0.8,7.38,8.18,7.66,3.58,1.78,0.42,0.6,2.52,5.86,28.16
1629048,Goga Bitadze,20.42,2.96,4.84,0.56,0.04,0.4,0.04,1.21,1.9,0.37,2.39,4.23,6.61,1.96,1.03,0.7,1.4,0.33,2.14,1.71,7.17
1629052,Oshae Brissett,23.71,3.17,6.5,0.38,1.0,3.0,0.25,1.33,2.33,0.26,1.17,2.5,3.67,0.67,1.33,0.67,0.5,0.5,2.33,2.0,8.67
1629056,Terence Davis,7.88,0.0,2.0,0.0,0.0,1.0,0.0,0.0,0.0,0.0,0.0,1.0,1.0,1.0,0.0,0.0,0.0,0.0,0.0,0.0,0.0
1629057,Robert Williams III,17.57,2.5,3.9,0.53,0.05,0.15,0.05,0.75,0.85,0.3,1.75,4.15,5.9,1.05,0.85,0.65,1.65,0.3,1.55,0.65,5.8
1629060,Rui Hachimura,31.68,4.97,9.76,0.51,1.73,4.19,0.39,1.47,1.92,0.53,1.34,3.66,5.0,1.41,0.83,0.76,0.44,0.68,1.78,1.44,13.14
1629098,Jack McVeigh,4.81,0.56,1.89,0.25,0.44,1.44,0.22,0.0,0.0,0.0,0.22,0.33,0.56,0.11,0.22,0.0,0.22,0.0,0.33,0.0,1.56
1629111,Jock Landale,11.91,1.93,3.62,0.42,0.26,0.62,0.22,0.64,0.95,0.28,1.33,1.93,3.26,0.88,0.5,0.31,0.24,0.4,1.17,0.83,4.76
1629130,Duncan Robinson,24.13,3.92,8.96,0.42,2.57,6.53,0.38,0.64,0.72,0.29,0.24,2.01,2.26,2.38,1.16,0.54,0.08,0.39,1.82,0.82,11.04
1629162,Jordan McLaughlin,6.83,0.67,1.57,0.27,0.41,1.0,0.22,0.37,0.48,0.17,0.13,0.52,0.65,1.11,0.35,0.35,0.02,0.09,0.39,0.5,2.13
1629216,Gabe Vincent,21.21,2.33,5.83,0.38,1.51,4.29,0.3,0.21,0.29,0.11,0.28,1.0,1.28,1.36,0.57,0.71,0.18,0.17,2.11,0.62,6.39
1629234,Drew Eubanks,12.23,1.89,3.18,0.51,0.05,0.1,0.05,0.77,1.16,0.29,0.98,2.72,3.7,0.89,0.67,0.2,0.64,0.43,1.03,1.05,4.59
1629312,Haywood Highsmith,24.57,2.42,5.28,0.39,1.2,3.15,0.32,0.42,0.58,0.16,0.97,2.43,3.41,1.51,0.73,0.92,0.5,0.2,2.22,0.64,6.46
1629599,Amir Coffey,24.27,3.33,7.08,0.44,1.4,3.43,0.36,1.6,1.79,0.56,0.44,1.79,2.24,1.07,0.62,0.56,0.1,0.38,1.67,1.32,9.67
1629610,DaQuan Jeffries,22.8,2.51,6.19,0.36,1.17,3.49,0.29,0.51,0.64,0.23,0.79,2.09,2.87,1.13,0.74,0.55,0.53,0.36,2.11,0.6,6.7
1629611,Terance Mann,21.11,3.06,6.16,0.47,0.9,2.43,0.34,0.7,1.01,0.28,1.01,1.96,2.97,1.81,0.7,0.7,0.22,0.42,1.91,0.96,7.72
1629614,Andrew Nembhard,28.93,3.8,8.29,0.47,0.78,2.69,0.28,1.66,2.09,0.53,0.52,2.8,3.32,5.02,1.72,1.22,0.17,0.46,2.29,2.0,10.05
1629618,Jalen Pickett,13.6,1.57,3.67,0.38,0.82,2.06,0.28,0.12,0.16,0.08,0.31,1.14,1.45,2.18,0.49,0.39,0.1,0.1,0.78,0.16,4.08
1629622,Max Strus,25.45,3.3,7.46,0.43,2.26,5.86,0.36,0.56,0.68,0.24,1.06,3.28,4.34,3.16,1.08,0.52,0.24,0.22,2.08,1.14,9.42
1629626,Bol Bol,12.46,2.67,5.08,0.5,0.89,2.58,0.22,0.56,0.72,0.22,0.56,2.33,2.89,0.61,0.56,0.25,0.69,0.0,0.56,0.5,6.78
1629627,Zion Williamson,28.58,9.6,16.93,0.56,0.1,0.43,0.07,5.27,8.03,0.61,2.53,4.67,7.2,5.3,3.0,1.23,0.9,2.03,2.73,5.67,24.57
1629628,RJ Barrett,32.22,7.93,16.93,0.47,1.84,5.28,0.36,3.38,5.36,0.54,1.05,5.26,6.31,5.41,2.84,0.79,0.29,1.4,2.36,4.02,21.09
1629629,Cam Reddish,17.86,1.15,2.85,0.35,0.39,1.42,0.22,0.48,0.79,0.2,0.52,1.48,2.0,0.67,0.36,1.0,0.3,0.15,1.3,0.7,3.18
1629630,Ja Morant,30.38,8.08,17.78,0.46,1.76,5.7,0.3,5.26,6.38,0.8,0.68,3.42,4.1,7.28,3.7,1.22,0.24,1.02,2.26,4.98,23.18
1629631,De'Andre Hunter,27.19,5.59,11.91,0.47,2.45,6.06,0.4,3.36,3.97,0.72,0.69,3.34,4.03,1.44,1.28,0.78,0.2,0.61,2.42,3.3,17.0
1629632,Coby White,33.11,6.86,15.15,0.45,2.92,7.89,0.36,3.74,4.15,0.81,0.34,3.35,3.69,4.46,2.39,0.93,0.22,1.04,2.08,3.61,20.39
1629634,Brandon Clarke,18.86,3.69,5.94,0.59,0.02,0.27,0.0,0.95,1.36,0.34,1.98,3.11,5.09,1.03,0.64,0.81,0.56,0.34,2.27,1.23,8.34
1629636,Darius Garland,30.68,7.39,15.65,0.48,2.83,7.05,0.4,2.99,3.4,0.73,0.63,2.23,2.85,6.75,2.52,1.21,0.15,0.57,1.91,3.03,20.59
1629637,Jaxson Hayes,19.51,2.88,3.98,0.7,0.0,0.05,0.0,1.09,1.75,0.42,1.39,3.41,4.8,1.04,0.77,0.55,0.91,0.2,2.43,2.0,6.84
1629638,Nickeil Alexander-Walker,25.28,3.29,7.51,0.44,1.72,4.51,0.39,1.12,1.44,0.45,0.66,2.57,3.23,2.72,1.21,0.61,0.41,0.29,1.7,1.7,9.43
1629639,Tyler Herro,35.39,8.45,17.9,0.48,3.26,8.7,0.37,3.73,4.25,0.8,0.45,4.73,5.18,5.51,2.57,0.9,0.22,0.97,1.1,2.95,23.9
1629640,Keldon Johnson,23.87,4.82,10.0,0.47,1.13,3.56,0.29,1.95,2.52,0.58,1.45,3.36,4.82,1.62,1.0,0.64,0.29,0.48,1.49,1.82,12.71
1629643,Chuma Okeke,21.85,2.22,4.44,0.46,1.22,3.11,0.29,0.22,0.33,0.07,2.33,2.89,5.22,1.67,0.33,0.56,0.44,0.11,0.56,0.78,5.89
1629645,Kevin Porter Jr.,19.76,3.91,8.69,0.44,0.73,2.36,0.24,1.73,2.25,0.46,0.56,3.15,3.71,3.41,1.81,1.08,0.17,0.64,1.59,1.93,10.28
1629646,Charles Bassey,10.43,1.89,3.25,0.47,0.0,0.0,0.0,0.58,0.92,0.23,1.56,2.67,4.22,0.47,0.64,0.39,0.83,0.19,1.39,0.72,4.36
1629650,Moses Brown,9.12,2.62,3.77,0.41,0.0,0.0,0.0,0.62,0.85,0.25,0.92,2.46,3.38,0.15,0.85,0.46,0.31,0.23,1.31,0.62,5.85
1629651,Nic Claxton,26.88,4.57,8.11,0.57,0.07,0.3,0.06,1.13,2.2,0.32,2.24,5.11,7.36,2.24,1.24,0.89,1.43,0.43,2.14,2.56,10.34
1629652,Luguentz Dort,29.2,3.63,8.35,0.42,2.39,5.82,0.38,0.46,0.65,0.21,1.25,2.87,4.13,1.62,0.72,1.11,0.55,0.32,2.93,1.52,10.13
1629655,Daniel Gafford,21.51,4.96,7.07,0.69,0.0,0.0,0.0,2.37,3.44,0.61,2.72,4.09,6.81,1.4,1.16,0.4,1.79,0.53,2.67,2.72,12.3
1629656,Quentin Grimes,26.84,5.12,10.97,0.43,2.16,5.61,0.33,2.16,2.85,0.53,0.79,3.53,4.32,3.04,1.88,0.99,0.29,0.43,1.84,2.32,14.56
1629659,Talen Horton-Tucker,12.48,2.29,5.02,0.32,0.71,2.1,0.21,1.24,1.69,0.34,0.33,1.4,1.72,1.43,0.69,0.36,0.19,0.29,1.02,1.16,6.53
1629660,Ty Jerome,19.89,4.56,8.83,0.51,1.59,3.61,0.38,1.84,2.11,0.62,0.71,1.76,2.47,3.39,1.31,1.11,0.04,0.39,1.46,1.77,12.54
1629661,Cameron Johnson,31.57,6.23,13.11,0.48,2.79,7.16,0.4,3.53,3.95,0.77,0.95,3.39,4.33,3.4,1.74,0.93,0.44,0.63,1.82,2.98,18.77
1629667,Jalen McDaniels,1.83,0.0,0.0,0.0,0.0,0.0,0.0,0.0,0.0,0.0,0.0,0.0,0.0,0.25,0.0,0.25,0.0,0.0,0.0,0.0,0.0
1629669,Jaylen Nowell,21.01,3.25,9.12,0.32,1.0,3.38,0.32,0.88,1.38,0.5,0.75,1.75,2.5,2.25,1.0,0.12,0.5,0.38,1.12,1.12,8.38
1629673,Jordan Poole,29.42,6.72,15.54,0.42,3.46,9.15,0.37,3.56,4.03,0.77,0.46,2.53,2.99,4.46,3.0,1.26,0.4,1.0,2.96,4.22,20.46
1629674,Neemias Queta,13.92,2.13,3.27,0.54,0.0,0.05,0.0,0.74,0.98,0.31,1.44,2.37,3.81,0.73,0.65,0.29,0.68,0.21,1.71,0.94,5.0
1629675,Naz Reid,27.5,5.32,11.54,0.45,2.19,5.78,0.36,1.39,1.79,0.51,1.15,4.85,6.0,2.26,1.35,0.72,0.9,0.51,2.36,1.49,14.22
1629680,Matisse Thybulle,20.82,2.8,5.87,0.42,1.4,3.2,0.42,0.47,1.0,0.14,0.93,2.53,3.47,1.87,0.87,2.2,0.6,0.2,0.93,0.87,7.47
1629684,Grant Williams,29.94,3.38,7.69,0.44,1.69,4.62,0.36,1.94,2.31,0.58,1.12,4.0,5.12,2.31,1.75,1.12,0.81,0.38,2.88,2.69,10.38
1629723,John Konchar,12.14,0.89,1.98,0.37,0.5,1.35,0.29,0.15,0.17,0.1,0.8,2.48,3.28,0.91,0.35,0.65,0.3,0.11,0.7,0.37,2.43
1629726,Garrison Mathews,17.65,2.17,5.47,0.35,1.81,4.64,0.35,1.36,1.66,0.45,0.28,1.57,1.85,1.28,0.66,0.55,0.32,0.09,1.72,1.45,7.51
1629731,Dean Wade,21.23,1.9,4.59,0.43,1.36,3.76,0.36,0.27,0.51,0.15,0.86,3.36,4.22,1.29,0.37,0.71,0.34,0.15,1.71,0.54,5.42
1629750,Javonte Green,18.5,1.81,4.22,0.4,0.68,2.07,0.29,0.81,1.12,0.33,0.87,2.34,3.21,0.82,0.47,0.96,0.46,0.21,1.44,1.06,5.1
1630162,Anthony Edwards,36.34,9.13,20.41,0.45,4.05,10.27,0.39,5.25,6.28,0.78,0.77,4.92,5.7,4.54,3.15,1.15,0.65,0.7,1.9,4.34,27.56
1630163,LaMelo Ball,32.01,8.64,21.34,0.4,3.81,11.23,0.34,4.11,4.87,0.77,1.0,3.94,4.94,7.36,3.55,1.15,0.28,0.91,3.34,4.7,25.19
1630164,James Wiseman,4.63,2.0,4.0,0.5,0.0,1.0,0.0,2.0,2.0,1.0,0.0,1.0,1.0,0.0,0.0,0.0,0.0,0.0,0.0,1.0,6.0
1630165,Killian Hayes,27.06,3.0,7.17,0.38,1.33,3.5,0.25,1.67,2.0,0.67,0.83,2.17,3.0,5.17,1.5,0.67,0.67,0.17,2.17,2.0,9.0
1630166,Deni Avdija,30.02,5.58,11.72,0.46,1.74,4.75,0.34,4.03,5.17,0.74,1.53,5.72,7.25,3.9,2.72,0.99,0.49,0.9,2.38,4.1,16.93
1630167,Obi Toppin,19.55,4.01,7.58,0.51,1.39,3.81,0.3,1.13,1.44,0.41,0.71,3.32,4.03,1.62,0.86,0.58,0.35,0.32,1.37,1.13,10.54
1630168,Onyeka Okongwu,27.89,5.24,9.24,0.56,0.65,2.0,0.24,2.22,2.92,0.54,2.97,5.95,8.92,2.27,1.22,0.93,0.92,0.68,2.61,2.26,13.35
1630169,Tyrese Haliburton,33.57,6.52,13.78,0.45,2.99,7.7,0.37,2.59,3.04,0.66,0.58,2.96,3.53,9.22,1.64,1.44,0.67,0.32,1.26,2.4,18.62
1630170,Devin Vassell,30.99,6.16,13.89,0.43,2.47,6.7,0.36,1.48,1.88,0.52,0.53,3.45,3.98,2.86,1.38,1.31,0.52,0.45,1.69,1.53,16.27
1630171,Isaac Okoro,19.15,2.25,4.85,0.47,1.02,2.75,0.34,0.6,0.84,0.25,0.89,1.47,2.36,1.24,0.42,0.58,0.29,0.35,1.89,0.8,6.13
1630172,Patrick Williams,25.02,3.25,8.19,0.39,1.52,4.32,0.33,0.95,1.32,0.39,0.68,3.08,3.76,1.97,1.37,0.76,0.51,0.59,1.4,1.06,8.98
1630173,Precious Achiuwa,20.52,2.88,5.74,0.5,0.18,0.63,0.11,0.72,1.21,0.32,1.77,3.79,5.56,0.96,0.79,0.82,0.74,0.42,1.42,0.89,6.65
1630174,Aaron Nesmith,24.92,4.27,8.42,0.49,1.87,4.33,0.43,1.62,1.78,0.52,0.82,3.13,3.96,1.2,0.82,0.78,0.38,0.49,2.53,1.71,12.02
1630175,Cole Anthony,18.42,3.43,8.1,0.4,1.15,3.25,0.33,1.39,1.69,0.45,0.69,2.36,3.04,2.85,1.54,0.67,0.48,0.21,2.25,1.57,9.4
1630178,Tyrese Maxey,37.7,9.17,20.98,0.43,3.1,9.19,0.33,4.88,5.56,0.87,0.29,3.06,3.35,6.1,2.38,1.75,0.4,1.17,2.23,4.31,26.33
1630182,Josh Green,27.76,2.65,6.19,0.4,1.43,3.65,0.34,0.72,1.06,0.32,0.82,1.71,2.53,1.59,1.03,1.09,0.22,0.38,2.43,1.28,7.44
1630183,Jaden McDaniels,31.88,4.85,10.17,0.47,1.22,3.7,0.34,1.27,1.56,0.4,1.57,4.16,5.73,1.99,1.16,1.34,0.9,0.5,2.74,1.66,12.2
1630188,Jalen Smith,15.04,2.97,6.38,0.46,1.12,3.47,0.3,1.12,1.39,0.39,1.39,4.19,5.58,1.02,0.58,0.27,0.69,0.22,1.48,1.31,8.19
1630191,Isaiah Stewart,19.91,2.44,4.38,0.53,0.24,0.74,0.15,0.92,1.21,0.35,1.81,3.74,5.54,1.71,0.94,0.39,1.4,0.17,2.54,1.29,6.04
1630192,Zeke Nnaji,10.67,1.23,2.47,0.4,0.3,0.91,0.16,0.47,0.77,0.19,0.58,1.0,1.58,0.4,0.25,0.44,0.67,0.23,1.09,0.67,3.23
1630193,Immanuel Quickley,27.81,5.58,13.27,0.43,2.58,6.82,0.38,3.36,3.88,0.77,0.48,3.06,3.55,5.79,1.76,0.7,0.12,0.76,1.85,2.88,17.09
1630194,Paul Reed,9.72,1.6,3.16,0.43,0.18,0.62,0.16,0.71,0.93,0.28,0.89,1.84,2.73,0.98,0.58,0.87,0.56,0.16,1.67,0.76,4.09
1630198,Isaiah Joe,21.68,3.5,7.95,0.41,2.59,6.3,0.38,0.62,0.76,0.27,0.55,2.09,2.65,1.61,0.51,0.65,0.12,0.26,1.53,1.38,10.22
1630200,Tre Jones,19.67,2.78,5.17,0.51,0.41,1.04,0.26,1.2,1.46,0.42,0.67,1.85,2.52,4.17,0.76,0.8,0.22,0.39,1.2,1.46,7.17
1630201,Malachi Flynn,10.92,1.25,3.25,0.41,0.25,1.0,0.25,1.25,1.5,0.42,0.75,1.0,1.75,1.75,1.0,0.75,0.0,0.0,1.0,1.25,4.0
1630202,Payton Pritchard,28.39,5.11,10.82,0.45,3.19,7.82,0.39,0.89,1.05,0.32,1.27,2.56,3.84,3.49,1.04,0.88,0.18,0.48,1.48,1.08,14.3
1630205,Lamar Stevens,9.15,1.71,3.71,0.28,0.47,1.59,0.11,0.47,0.65,0.26,0.24,2.0,2.24,0.47,0.59,0.29,0.18,0.47,0.88,0.47,4.35
1630208,Nick Richards,22.04,3.6,6.09,0.54,0.0,0.04,0.0,2.09,2.81,0.54,2.6,5.58,8.18,0.86,1.42,0.25,0.96,0.89,2.47,2.07,9.28
1630214,Xavier Tillman,7.0,0.39,1.61,0.16,0.15,0.97,0.06,0.09,0.12,0.05,0.3,1.0,1.3,0.21,0.42,0.33,0.15,0.12,0.55,0.15,1.03
1630215,Jared Butler,17.4,3.38,7.55,0.43,1.0,2.82,0.26,1.25,1.52,0.49,0.42,1.42,1.83,3.67,1.33,0.7,0.22,0.63,1.62,1.23,9.02
1630217,Desmond Bane,31.96,7.14,14.75,0.48,2.38,6.06,0.38,2.57,2.87,0.7,0.9,5.16,6.06,5.35,2.45,1.16,0.41,1.1,2.38,1.99,19.23
1630222,Mason Jones,4.54,0.9,1.8,0.29,0.1,0.8,0.03,0.4,0.5,0.25,0.2,0.7,0.9,1.1,0.1,0.0,0.1,0.0,0.3,0.3,2.3
1630224,Jalen Green,32.89,7.41,17.52,0.41,2.85,8.06,0.33,3.33,4.1,0.68,0.55,4.05,4.6,3.44,2.48,0.87,0.33,1.29,1.55,3.02,21.01
1630227,Daishen Nix,4.41,0.0,0.33,0.0,0.0,0.33,0.0,0.33,0.67,0.17,0.0,1.33,1.33,1.0,1.33,0.0,0.0,0.0,0.33,0.33,0.33
1630228,Jonathan Kuminga,24.34,5.49,12.09,0.45,0.98,3.21,0.25,3.34,5.0,0.56,1.19,3.43,4.62,2.21,1.51,0.81,0.45,1.02,1.91,3.09,15.3
1630230,Naji Marshall,27.81,5.25,10.32,0.49,0.87,3.16,0.23,1.88,2.32,0.56,1.1,3.65,4.75,3.01,1.62,1.01,0.16,0.54,1.58,1.71,13.25
1630231,KJ Martin,21.2,2.58,4.67,0.51,0.35,1.35,0.16,0.86,1.09,0.46,0.7,2.21,2.91,1.12,0.56,0.4,0.51,0.47,2.35,0.84,6.37
1630241,Sam Merrill,19.74,2.42,5.97,0.39,1.93,5.18,0.35,0.39,0.41,0.18,0.54,1.68,2.21,1.52,0.49,0.75,0.2,0.21,1.75,0.77,7.17
1630243,Trevelin Queen,13.88,1.81,4.74,0.27,0.71,2.48,0.22,0.58,0.68,0.25,0.84,0.9,1.74,1.23,0.71,1.0,0.32,0.35,1.23,0.55,4.9
1630245,Ayo Dosunmu,30.3,4.8,9.76,0.5,1.35,4.11,0.33,1.35,1.72,0.44,0.57,2.93,3.5,4.52,1.5,0.93,0.39,0.74,2.28,1.37,12.3
1630249,Vít Krejčí,20.22,2.54,5.12,0.46,1.58,3.61,0.38,0.56,0.79,0.3,0.39,2.35,2.74,2.58,0.88,0.63,0.46,0.14,1.84,0.72,7.23
1630256,Jae'Sean Tate,11.31,1.35,2.85,0.35,0.31,0.88,0.14,0.62,0.9,0.25,0.96,1.29,2.25,0.9,0.42,0.5,0.13,0.31,1.58,1.02,3.62
1630264,Anthony Gill,7.8,0.84,1.73,0.32,0.2,0.61,0.14,0.65,0.98,0.2,0.35,0.94,1.29,0.31,0.2,0.18,0.04,0.12,0.59,0.73,2.53
1630283,Kylor Kelley,11.45,1.27,2.0,0.44,0.0,0.0,0.0,0.55,0.91,0.27,1.09,2.45,3.55,0.45,0.36,0.09,0.27,0.0,1.36,0.55,3.09
1630288,Jeff Dowtin Jr.,15.14,2.73,5.61,0.39,0.68,1.71,0.24,0.8,1.1,0.27,0.29,1.17,1.46,1.9,0.37,0.59,0.29,0.29,0.71,0.93,6.95
1630296,Braxton Key,3.61,0.0,1.33,0.0,0.0,0.33,0.0,1.0,2.0,0.33,0.33,0.33,0.67,0.0,0.33,0.67,0.0,0.33,0.0,1.0,1.0
1630311,Pat Spencer,6.4,1.05,2.59,0.27,0.13,0.56,0.05,0.28,0.38,0.14,0.38,0.79,1.18,1.23,0.46,0.36,0.08,0.26,0.51,0.49,2.51
1630314,Brandon Williams,14.76,2.97,5.7,0.41,0.73,1.82,0.27,1.67,2.0,0.5,0.36,1.39,1.76,2.3,1.18,0.73,0.15,0.61,1.0,1.73,8.33
1630322,Lindy Waters III,14.97,1.77,4.79,0.34,1.23,3.58,0.33,0.15,0.21,0.08,0.38,1.73,2.12,1.0,0.38,0.52,0.21,0.19,1.19,0.33,4.92
1630346,Matt Ryan,3.57,0.53,1.63,0.17,0.32,1.0,0.13,0.11,0.11,0.05,0.0,0.42,0.42,0.16,0.16,0.11,0.0,0.11,0.05,0.11,1.47
1630526,Jeremiah Robinson-Earl,18.77,2.39,5.26,0.44,0.85,2.48,0.3,0.7,0.83,0.28,1.67,3.11,4.77,1.33,0.77,0.59,0.11,0.27,1.2,0.74,6.33
1630527,Brandon Boston,23.64,3.95,9.07,0.41,1.17,3.33,0.32,1.6,2.02,0.52,0.67,2.52,3.19,2.19,1.24,1.26,0.21,0.57,1.74,1.6,10.67
1630528,Josh Christopher,4.95,0.79,2.21,0.19,0.14,0.79,0.09,0.29,0.43,0.14,0.0,0.64,0.64,0.57,0.43,0.36,0.21,0.07,0.14,0.29,2.0
1630529,Herbert Jones,32.41,3.75,8.6,0.43,1.1,3.6,0.26,1.65,2.0,0.49,1.1,2.8,3.9,3.25,1.75,1.85,0.45,0.5,3.3,1.95,10.25
1630530,Trey Murphy III,34.99,7.19,15.83,0.45,2.98,8.26,0.35,3.85,4.34,0.84,0.89,4.17,5.06,3.55,1.94,1.06,0.74,0.55,2.11,3.51,21.21
1630531,Jaden Springer,8.49,0.81,2.09,0.25,0.28,1.12,0.13,0.63,0.88,0.27,0.4,0.95,1.35,0.77,0.37,0.56,0.09,0.09,0.98,0.86,2.53
1630532,Franz Wagner,33.72,8.95,19.35,0.46,1.73,5.87,0.27,4.52,5.18,0.81,0.93,4.77,5.7,4.73,2.3,1.25,0.35,1.25,2.45,4.2,24.15
1630533,Ziaire Williams,24.47,3.4,8.25,0.39,1.63,4.79,0.31,1.6,1.95,0.57,0.97,3.59,4.56,1.33,1.06,0.98,0.44,0.6,2.37,1.84,10.03
1630534,Ochai Agbaji,27.17,4.16,8.34,0.51,1.58,3.95,0.38,0.53,0.75,0.22,0.95,2.83,3.78,1.53,0.84,0.91,0.47,0.56,1.95,0.75,10.42
1630537,Chris Duarte,4.38,0.71,1.53,0.39,0.35,0.88,0.29,0.35,0.47,0.1,0.29,0.88,1.18,0.53,0.06,0.0,0.0,0.06,0.41,0.35,2.12
1630538,Bones Hyland,9.95,1.96,4.92,0.37,1.33,3.42,0.31,0.96,1.08,0.41,0.21,0.83,1.04,1.33,1.04,0.75,0.17,0.21,1.21,0.71,6.21
1630539,Kai Jones,11.71,2.17,2.72,0.56,0.02,0.12,0.01,0.57,0.8,0.24,1.0,2.12,3.12,0.62,0.45,0.38,0.57,0.08,1.25,0.68,4.95
1630540,Miles McBride,24.9,3.47,8.55,0.4,1.8,4.88,0.35,0.81,1.0,0.33,0.73,1.78,2.52,2.92,0.64,1.05,0.27,0.52,1.69,1.08,9.55
1630541,Moses Moody,22.29,3.32,7.68,0.43,1.7,4.55,0.36,1.43,1.8,0.48,0.7,1.85,2.55,1.3,0.73,0.8,0.42,0.49,1.57,1.41,9.78
1630542,Marcus Bagley,25.32,2.7,6.9,0.37,0.5,3.2,0.07,0.8,1.0,0.4,2.3,4.7,7.0,1.0,0.7,0.9,1.2,0.5,1.6,1.0,6.7
1630543,Isaiah Jackson,16.78,2.8,4.6,0.74,0.0,0.0,0.0,1.4,2.8,0.3,2.2,3.4,5.6,1.0,1.0,0.6,1.6,0.4,2.8,1.4,7.0
1630544,Tre Mann,24.54,5.38,12.38,0.42,1.85,4.62,0.35,1.46,1.62,0.62,0.92,2.0,2.92,3.0,1.92,0.54,0.31,1.0,1.85,1.62,14.08
1630545,Terrence Shannon Jr.,10.59,1.72,3.56,0.37,0.34,0.97,0.16,0.53,0.66,0.17,0.31,1.16,1.47,1.0,0.47,0.22,0.16,0.56,0.84,0.5,4.31
1630548,Johnny Juzang,19.84,3.19,7.42,0.4,1.84,4.91,0.34,0.7,0.83,0.28,0.66,2.22,2.88,1.06,0.56,0.61,0.12,0.23,1.97,0.67,8.92
1630549,Day'Ron Sharpe,18.15,3.3,6.34,0.5,0.22,0.9,0.14,1.12,1.48,0.4,2.98,3.62,6.6,1.82,1.26,0.82,0.84,0.54,2.26,1.46,7.94
1630550,JT Thor,12.47,1.25,2.95,0.39,0.3,1.05,0.2,0.75,1.1,0.29,1.0,1.4,2.4,0.3,0.45,0.4,0.45,0.2,0.85,0.75,3.55
1630551,Justin Champagnie,21.62,3.39,6.63,0.42,1.19,3.11,0.3,0.81,1.18,0.32,1.81,3.85,5.66,0.97,0.87,1.05,0.63,0.37,1.77,0.85,8.77
1630552,Jalen Johnson,35.67,7.53,15.06,0.5,1.22,3.92,0.29,2.61,3.5,0.62,1.72,8.25,9.97,5.03,2.94,1.56,1.0,1.08,1.86,2.75,18.89
1630553,Keon Johnson,24.37,3.84,9.86,0.37,1.59,5.08,0.3,1.35,1.76,0.44,0.8,2.96,3.76,2.22,1.47,1.04,0.38,0.95,2.65,1.52,10.62
1630556,Kessler Edwards,15.21,1.68,3.38,0.33,0.55,1.35,0.19,0.3,0.32,0.14,0.55,2.33,2.88,1.05,0.4,0.48,0.5,0.18,1.55,0.38,4.2
1630557,Corey Kispert,26.25,4.18,9.26,0.44,1.97,5.41,0.33,1.23,1.44,0.43,0.59,2.38,2.97,1.69,1.05,0.43,0.23,0.56,1.61,0.98,11.56
1630558,Davion Mitchell,27.4,3.01,6.43,0.44,1.14,2.85,0.4,0.78,1.14,0.34,0.47,1.78,2.26,4.91,1.73,0.97,0.22,0.32,2.5,1.78,7.95
1630559,Austin Reaves,34.93,6.53,14.21,0.46,2.74,7.27,0.37,4.4,5.01,0.78,0.84,3.67,4.51,5.77,2.42,1.11,0.3,0.64,2.07,4.4,20.21
1630560,Cam Thomas,31.25,7.96,18.16,0.44,2.72,7.8,0.34,5.32,6.04,0.9,0.6,2.72,3.32,3.76,2.48,0.6,0.08,1.12,1.76,4.6,23.96
1630561,David Duke Jr.,5.62,1.0,2.33,0.38,0.5,1.0,0.25,0.17,0.33,0.08,0.17,0.67,0.83,0.67,0.33,0.17,0.0,0.0,0.17,0.33,2.67
1630567,Scottie Barnes,32.83,7.29,16.35,0.44,1.17,4.31,0.27,3.51,4.65,0.69,1.68,6.05,7.72,5.82,2.85,1.43,0.97,0.62,1.74,3.78,19.26
1630568,Luka Garza,5.62,1.33,2.69,0.42,0.26,0.92,0.16,0.62,0.9,0.25,0.79,0.59,1.38,0.28,0.31,0.15,0.08,0.21,0.74,0.72,3.54
1630570,Trendon Watford,20.74,3.73,7.95,0.45,0.66,2.0,0.27,2.11,2.77,0.53,0.84,2.8,3.64,2.61,1.89,0.61,0.27,0.82,2.16,2.41,10.23
1630572,Sandro Mamukelashvili,11.17,2.31,4.61,0.45,0.98,2.64,0.32,0.7,0.95,0.28,1.02,2.05,3.07,0.79,0.43,0.36,0.28,0.16,0.98,0.7,6.31
1630573,Sam Hauser,21.71,3.01,6.68,0.44,2.34,5.62,0.41,0.15,0.15,0.08,0.62,2.54,3.15,0.9,0.32,0.58,0.18,0.06,1.23,0.41,8.52
1630574,Ariel Hukporti,8.69,0.84,1.24,0.34,0.0,0.0,0.0,0.24,0.52,0.12,0.56,1.48,2.04,0.44,0.84,0.04,0.6,0.08,1.28,0.52,1.92
1630577,Julian Champagnie,23.56,3.37,8.11,0.4,2.17,5.85,0.35,1.04,1.15,0.4,0.82,3.06,3.88,1.35,0.9,0.74,0.43,0.39,1.39,0.66,9.94
1630578,Alperen Sengun,31.51,7.46,15.04,0.49,0.28,1.18,0.17,3.89,5.63,0.65,3.45,6.89,10.34,4.89,2.55,1.11,0.8,1.11,2.75,5.34,19.09
1630579,Jericho Sims,11.91,0.85,1.34,0.38,0.0,0.0,0.0,0.15,0.25,0.08,1.34,2.38,3.72,0.62,0.62,0.19,0.36,0.17,1.23,0.42,1.85
1630581,Josh Giddey,30.24,5.3,11.4,0.46,1.5,3.97,0.39,2.5,3.2,0.57,1.81,6.27,8.09,7.19,2.89,1.2,0.64,0.94,1.74,2.56,14.6
1630583,Santi Aldama,25.53,4.82,9.97,0.47,1.85,5.02,0.35,1.0,1.45,0.35,1.45,4.95,6.4,2.89,1.09,0.8,0.45,0.32,1.17,1.28,12.48
1630585,Marcus Garrett,19.85,2.75,6.75,0.4,0.75,2.0,0.33,0.75,1.0,0.38,0.25,1.25,1.5,3.25,1.5,0.75,0.5,0.75,2.5,0.75,7.0
1630590,Scotty Pippen Jr.,21.3,3.61,7.52,0.47,1.1,2.77,0.31,1.54,2.16,0.5,0.82,2.46,3.28,4.39,1.75,1.3,0.38,0.54,2.57,2.35,9.86
1630591,Jalen Suggs,28.64,5.63,13.74,0.41,2.17,6.91,0.31,2.77,3.14,0.64,0.66,3.37,4.03,3.69,2.91,1.46,0.94,0.49,2.8,3.69,16.2
1630592,Jalen Wilson,25.71,3.11,7.85,0.41,1.54,4.58,0.33,1.71,2.09,0.52,0.95,2.47,3.42,1.84,1.0,0.51,0.06,0.47,2.08,1.54,9.48
1630595,Cade Cunningham,35.03,9.77,20.81,0.47,2.13,5.97,0.35,4.47,5.29,0.78,0.8,5.27,6.07,9.11,4.41,1.01,0.76,1.43,2.79,3.99,26.14
1630596,Evan Mobley,30.51,7.11,12.76,0.55,1.2,3.24,0.32,3.11,4.3,0.72,2.31,6.97,9.28,3.18,2.04,0.86,1.59,0.72,1.99,3.37,18.54
1630598,Aaron Wiggins,22.95,4.67,9.58,0.47,1.71,4.46,0.36,0.97,1.17,0.31,1.07,2.82,3.88,1.76,0.91,0.79,0.24,0.51,1.33,0.89,12.03
1630600,Isaiah Mobley,17.37,2.0,7.0,0.29,1.0,3.0,0.33,1.0,2.0,0.5,1.0,3.0,4.0,5.0,0.0,1.0,1.0,0.0,3.0,1.0,6.0
1630604,E.J. Liddell,4.4,0.67,1.25,0.22,0.25,0.83,0.1,0.17,0.17,0.08,0.25,0.5,0.75,0.25,0.17,0.08,0.08,0.0,0.92,0.08,1.75
1630611,Gui Santos,13.6,1.46,3.2,0.33,0.61,1.84,0.22,0.52,0.75,0.24,1.29,1.79,3.07,1.43,0.75,0.45,0.18,0.16,1.62,0.73,4.05
1630618,D.J. Carton,8.35,0.25,1.75,0.12,0.0,0.75,0.0,0.25,0.25,0.25,0.0,1.0,1.0,0.75,1.0,0.5,0.0,0.5,0.25,0.25,0.75
1630623,Tyson Etienne,21.58,2.43,7.43,0.32,1.86,6.29,0.29,1.14,1.43,0.5,0.43,0.86,1.29,1.71,1.14,0.43,0.14,0.29,2.43,1.14,7.86
1630625,Dalano Banton,16.72,2.96,7.57,0.34,1.07,3.31,0.24,1.36,1.87,0.4,0.45,1.57,2.01,2.39,1.28,0.64,0.51,0.52,0.87,1.37,8.34
1630631,Jose Alvarado,24.39,3.64,9.3,0.38,1.98,5.52,0.33,1.07,1.32,0.42,0.48,1.95,2.43,4.62,1.54,1.32,0.25,0.43,1.62,1.34,10.34
1630639,A.J. Lawson,18.71,3.08,7.31,0.41,1.27,3.88,0.3,1.65,2.42,0.37,0.77,2.54,3.31,1.19,0.58,0.5,0.23,0.46,1.69,1.46,9.08
1630643,Jay Huff,11.69,2.45,4.77,0.4,1.27,3.12,0.29,0.69,0.88,0.26,0.47,1.55,2.02,0.59,0.53,0.25,0.88,0.12,1.22,0.69,6.86
1630644,Mac McClung,5.12,0.0,1.0,0.0,0.0,0.5,0.0,0.0,0.0,0.0,0.0,0.5,0.5,1.5,0.0,0.0,0.0,0.0,1.0,0.5,0.0
1630649,Stanley Umude,3.9,0.23,1.18,0.17,0.14,0.68,0.14,0.09,0.18,0.05,0.18,0.59,0.77,0.18,0.14,0.14,0.27,0.05,0.36,0.09,0.68
1630658,Colin Castleton,16.61,1.77,3.77,0.33,0.08,0.62,0.05,1.12,1.46,0.39,2.04,2.65,4.69,1.08,0.88,0.31,0.38,0.46,1.96,1.19,4.73
1630678,Terry Taylor,2.11,0.0,0.33,0.0,0.0,0.0,0.0,0.0,0.0,0.0,0.33,0.0,0.33,0.67,0.0,0.0,0.0,0.0,0.0,0.0,0.0
1630692,Jordan Goodwin,18.71,2.17,4.97,0.34,0.9,2.34,0.26,0.31,0.38,0.14,1.31,2.55,3.86,1.45,0.9,1.03,0.38,0.24,1.48,0.41,5.55
1630695,Micah Potter,18.56,1.5,3.55,0.4,0.82,2.58,0.28,0.45,0.53,0.23,1.13,3.18,4.32,0.82,0.82,0.37,0.37,0.13,1.32,0.68,4.26
1630696,Dru Smith,19.16,2.21,4.36,0.44,1.14,2.14,0.39,0.64,0.86,0.17,0.86,1.71,2.57,1.64,1.21,1.5,0.43,0.14,2.14,0.79,6.21
1630699,MarJon Beauchamp,4.47,0.77,1.86,0.32,0.29,0.83,0.23,0.43,0.57,0.2,0.31,0.94,1.26,0.31,0.43,0.11,0.03,0.14,0.4,0.34,2.26
1630700,Dyson Daniels,33.83,5.99,12.14,0.5,1.05,3.09,0.35,1.09,1.84,0.35,1.63,4.28,5.91,4.38,2.04,3.01,0.72,0.59,2.3,1.72,14.12
1630702,Jaden Hardy,15.92,3.16,7.26,0.37,1.33,3.46,0.3,1.05,1.51,0.38,0.16,1.4,1.56,1.42,1.44,0.49,0.09,0.42,1.58,1.19,8.7
1630703,Scoot Henderson,26.65,4.35,10.38,0.41,1.59,4.5,0.34,2.39,3.12,0.58,0.79,2.21,3.0,5.08,2.68,1.03,0.2,0.67,2.74,2.76,12.68
1630762,Phillip Wheeler,8.88,0.6,4.2,0.09,0.0,2.0,0.0,0.4,0.4,0.2,0.4,1.2,1.6,0.4,0.2,0.2,0.4,0.2,0.2,0.2,1.6
1630811,Keaton Wallace,16.17,2.1,5.23,0.37,0.87,2.65,0.24,0.35,0.35,0.16,0.23,1.39,1.61,2.61,1.06,0.9,0.29,0.1,1.26,0.39,5.42
1631093,Jaden Ivey,29.93,6.33,13.77,0.46,2.1,5.13,0.4,2.83,3.87,0.69,1.33,2.8,4.13,3.97,2.97,0.93,0.37,0.87,2.23,3.17,17.6
1631094,Paolo Banchero,34.38,8.96,19.8,0.45,1.89,5.91,0.3,6.09,8.37,0.71,1.11,6.39,7.5,4.76,2.96,0.78,0.61,1.11,2.11,5.76,25.89
1631095,Jabari Smith Jr.,30.1,4.35,9.93,0.43,1.72,4.86,0.34,1.82,2.21,0.53,1.84,5.16,7.0,1.05,1.07,0.44,0.72,0.53,2.16,2.11,12.25
1631096,Chet Holmgren,27.39,5.22,10.66,0.47,1.38,3.62,0.36,3.16,4.19,0.61,1.5,6.53,8.03,1.97,1.75,0.72,2.22,1.09,2.25,2.97,14.97
1631097,Bennedict Mathurin,29.85,5.43,11.85,0.46,1.36,4.0,0.34,3.83,4.61,0.74,1.21,4.11,5.32,1.89,1.88,0.65,0.33,0.93,2.25,3.4,16.06
1631098,Johnny Davis,7.11,0.94,2.29,0.34,0.21,0.85,0.13,0.26,0.44,0.12,0.29,0.82,1.12,0.32,0.21,0.44,0.18,0.09,0.53,0.41,2.35
1631099,Keegan Murray,34.34,4.79,10.79,0.43,2.03,5.91,0.32,0.79,0.95,0.35,1.92,4.75,6.67,1.43,0.79,0.8,0.91,0.37,2.45,1.04,12.39
1631101,Shaedon Sharpe,31.28,6.93,15.33,0.45,2.04,6.56,0.31,2.64,3.36,0.66,0.94,3.56,4.5,2.75,2.08,0.86,0.22,0.67,1.67,2.62,18.54
1631102,TyTy Washington Jr.,7.4,0.88,2.81,0.19,0.25,1.31,0.09,0.19,0.38,0.09,0.25,0.56,0.81,1.0,0.19,0.19,0.0,0.0,0.25,0.25,2.19
1631103,Malaki Branham,9.08,1.85,4.04,0.37,0.72,1.79,0.31,0.57,0.7,0.23,0.15,0.94,1.09,0.81,0.72,0.23,0.04,0.28,0.62,0.49,5.0
1631104,Blake Wesley,11.78,1.4,3.21,0.39,0.29,1.0,0.15,0.66,1.05,0.26,0.29,0.76,1.05,1.97,0.93,0.64,0.1,0.22,0.79,0.97,3.74
1631105,Jalen Duren,26.07,4.85,7.0,0.69,0.0,0.0,0.0,2.08,3.1,0.56,3.55,6.79,10.35,2.68,1.74,0.69,1.14,0.71,3.22,2.59,11.77
1631106,Tari Eason,24.92,4.77,9.81,0.48,1.11,3.23,0.3,1.39,1.82,0.47,2.25,4.11,6.35,1.46,1.14,1.7,0.88,0.79,2.39,1.33,12.04
1631107,Nikola Jović,25.12,3.74,8.2,0.45,1.7,4.57,0.34,1.57,1.89,0.52,0.57,3.35,3.91,2.85,1.3,0.83,0.28,0.26,1.78,1.7,10.74
1631108,Max Christie,27.27,3.23,7.56,0.45,1.47,4.03,0.37,1.67,1.95,0.55,0.49,2.82,3.31,1.87,1.13,0.82,0.4,0.5,1.47,1.45,9.6
1631109,Mark Williams,26.61,6.14,10.16,0.6,0.0,0.09,0.0,2.98,3.7,0.67,3.0,7.16,10.16,2.48,1.61,0.73,1.23,0.57,2.39,2.91,15.25
1631110,Jeremy Sochan,25.26,4.65,8.69,0.52,0.52,1.69,0.24,1.61,2.31,0.43,2.35,4.17,6.52,2.37,1.56,0.83,0.5,0.85,2.43,1.94,11.43
1631111,Wendell Moore Jr.,13.86,1.64,3.5,0.37,0.39,1.14,0.22,0.5,0.61,0.21,0.83,1.81,2.64,1.17,0.75,0.56,0.14,0.33,0.86,0.53,4.17
1631114,Jalen Williams,32.42,8.19,16.93,0.48,1.8,4.93,0.34,3.42,4.33,0.71,0.86,4.49,5.35,5.13,2.17,1.61,0.67,0.86,2.29,3.55,21.59
1631115,Orlando Robinson,17.5,2.64,5.93,0.42,0.39,1.18,0.21,1.23,1.59,0.43,2.02,2.98,5.0,1.75,1.11,0.39,0.36,0.59,2.27,1.2,6.89
1631116,Patrick Baldwin Jr.,4.45,0.79,1.46,0.42,0.54,0.96,0.35,0.08,0.17,0.04,0.21,0.83,1.04,0.12,0.21,0.12,0.08,0.08,0.29,0.12,2.21
1631117,Walker Kessler,30.01,4.79,7.22,0.69,0.1,0.59,0.04,1.36,2.62,0.38,4.59,7.6,12.19,1.67,1.48,0.62,2.38,0.71,2.24,2.22,11.05
1631119,Jaylin Williams,16.68,2.06,4.7,0.44,1.3,3.26,0.41,0.49,0.64,0.24,1.02,4.55,5.57,2.55,0.74,0.47,0.62,0.11,1.68,0.89,5.91
1631120,JD Davison,5.81,0.75,2.12,0.34,0.25,1.12,0.18,0.31,0.44,0.12,0.12,0.69,0.81,0.81,0.81,0.31,0.06,0.0,0.12,0.31,2.06
1631121,Bryce McGowens,2.46,0.31,1.08,0.15,0.0,0.31,0.0,0.38,0.46,0.23,0.15,0.08,0.23,0.15,0.31,0.08,0.0,0.08,0.23,0.38,1.0
1631123,Jamaree Bouyea,12.34,1.2,2.4,0.3,0.2,1.0,0.05,0.8,1.2,0.13,0.2,0.8,1.0,2.0,1.6,0.8,0.4,0.2,0.4,1.2,3.4
1631124,Julian Strawther,21.28,3.23,7.48,0.41,1.45,4.14,0.3,1.14,1.38,0.45,0.26,1.92,2.18,1.28,0.88,0.6,0.25,0.29,2.32,1.49,9.05
1631127,Harrison Ingram,6.95,0.4,0.8,0.4,0.0,0.2,0.0,0.0,0.0,0.0,0.4,1.4,1.8,0.6,0.2,0.6,0.0,0.0,0.4,0.0,0.8
1631128,Christian Braun,33.87,6.03,10.39,0.58,1.13,2.84,0.34,2.24,2.71,0.66,1.24,3.95,5.19,2.59,1.03,1.08,0.47,0.78,2.15,1.81,15.42
1631131,Oscar Tshiebwe,18.23,3.0,5.0,0.49,0.0,0.0,0.0,1.64,2.21,0.56,3.29,5.43,8.71,0.64,0.71,0.93,0.07,0.71,1.71,1.57,7.64
1631132,Christian Koloko,9.23,1.08,1.78,0.46,0.0,0.11,0.0,0.27,0.38,0.14,0.95,1.54,2.49,0.43,0.32,0.22,0.43,0.22,1.19,0.57,2.43
1631133,Jabari Walker,12.49,1.97,3.82,0.4,0.47,1.2,0.21,0.82,1.18,0.32,0.98,2.53,3.52,0.62,0.57,0.55,0.1,0.52,1.45,1.03,5.22
1631157,Ryan Rollins,14.63,2.36,4.84,0.42,0.88,2.14,0.3,0.64,0.8,0.3,0.38,1.55,1.93,1.86,0.95,0.75,0.3,0.38,1.57,0.84,6.23
1631159,Leonard Miller,2.43,0.46,1.15,0.35,0.0,0.38,0.0,0.62,0.62,0.23,0.23,0.62,0.85,0.0,0.15,0.15,0.08,0.08,0.15,0.31,1.54
1631165,Keon Ellis,24.35,2.84,5.8,0.47,1.74,4.01,0.4,0.91,1.08,0.35,0.75,1.9,2.65,1.5,0.89,1.51,0.79,0.18,2.2,1.18,8.32
1631166,Drew Timme,28.21,5.0,11.33,0.47,1.0,3.89,0.3,1.11,1.78,0.5,1.89,5.33,7.22,2.22,1.67,0.44,0.11,0.22,2.33,2.44,12.11
1631169,Josh Minott,6.01,0.96,1.96,0.36,0.3,0.93,0.21,0.37,0.41,0.16,0.26,0.76,1.02,0.39,0.24,0.33,0.26,0.13,0.74,0.33,2.59
1631170,Jaime Jaquez Jr.,20.73,3.23,7.0,0.43,0.56,1.8,0.23,1.62,2.15,0.4,1.27,3.12,4.39,2.52,1.48,0.92,0.21,0.91,1.23,1.5,8.64
1631172,Ousmane Dieng,10.94,1.46,3.38,0.35,0.62,1.92,0.21,0.3,0.43,0.15,0.49,1.7,2.19,0.84,0.49,0.46,0.19,0.16,0.89,0.35,3.84
1631197,Jared Rhoden,16.15,3.0,6.21,0.38,0.86,2.79,0.19,1.57,1.79,0.46,1.0,2.0,3.0,1.14,0.64,0.71,0.14,0.43,1.43,1.07,8.43
1631199,Ron Harper Jr.,17.0,1.0,8.0,0.12,0.0,6.0,0.0,2.0,2.0,1.0,4.0,3.0,7.0,2.0,0.0,0.0,0.0,0.0,0.0,2.0,4.0
1631200,Kris Murray,15.08,1.7,4.04,0.34,0.39,1.74,0.15,0.38,0.83,0.16,1.1,1.54,2.64,0.99,0.62,0.51,0.25,0.29,0.96,0.61,4.16
1631204,Marcus Sasser,14.22,2.4,5.19,0.41,1.02,2.67,0.31,0.75,0.89,0.29,0.32,0.89,1.21,2.33,0.95,0.65,0.07,0.28,1.26,0.86,6.58
1631207,Dalen Terry,13.52,1.64,3.67,0.39,0.51,1.42,0.19,0.67,0.95,0.24,0.52,1.18,1.7,1.33,0.73,0.6,0.21,0.23,1.56,0.75,4.47
1631209,Isaiah Wong,13.28,2.05,5.25,0.39,0.65,1.65,0.4,1.25,1.7,0.38,0.7,0.9,1.6,1.4,0.9,0.55,0.0,0.65,1.05,1.2,6.0
1631210,Jacob Toppin,4.42,0.53,1.29,0.15,0.29,0.59,0.04,0.0,0.0,0.0,0.18,0.71,0.88,0.35,0.18,0.12,0.0,0.18,0.18,0.0,1.35
1631212,Peyton Watson,24.35,3.0,6.29,0.45,0.71,2.0,0.27,1.4,2.01,0.44,0.69,2.74,3.43,1.38,0.82,0.71,1.37,0.53,1.81,1.38,8.1
1631213,Tyrese Martin,21.92,3.15,7.75,0.38,1.65,4.7,0.31,0.77,0.97,0.27,0.97,2.68,3.65,2.03,1.23,0.57,0.15,0.25,1.28,0.83,8.72
1631214,Alondes Williams,3.72,2.0,2.0,1.0,1.0,1.0,1.0,0.0,0.0,0.0,0.0,0.0,0.0,1.0,0.0,0.0,0.0,0.0,0.0,0.0,5.0
1631216,Caleb Houstan,13.59,1.38,3.28,0.32,1.1,2.76,0.26,0.26,0.29,0.12,0.33,0.97,1.29,0.6,0.22,0.38,0.1,0.1,1.07,0.31,4.12
1631217,Moussa Diabaté,17.47,2.35,3.94,0.54,0.0,0.08,0.0,0.97,1.63,0.3,2.63,3.54,6.17,0.79,0.86,0.65,0.56,0.34,1.54,1.62,5.68
1631218,Trayce Jackson-Davis,15.59,2.81,4.87,0.52,0.0,0.05,0.0,0.95,1.65,0.35,1.97,3.05,5.02,1.68,0.73,0.37,0.61,0.69,1.18,1.21,6.56
1631221,Collin Gillespie,13.98,2.06,4.79,0.4,1.18,2.73,0.37,0.58,0.67,0.24,0.67,1.7,2.36,2.36,0.52,0.64,0.15,0.3,0.91,0.76,5.88
1631222,Jake LaRavia,20.44,2.42,5.11,0.46,0.91,2.15,0.34,1.18,1.74,0.38,1.36,2.56,3.92,2.39,1.3,0.94,0.35,0.39,2.0,1.38,6.94
1631223,David Roddy,12.42,1.73,3.79,0.43,0.58,1.85,0.24,0.61,0.79,0.21,0.39,2.15,2.55,1.06,0.67,0.42,0.27,0.27,0.61,0.61,4.64
1631230,Dominick Barlow,10.71,1.71,3.23,0.39,0.2,0.77,0.17,0.6,0.94,0.17,1.0,1.43,2.43,0.54,0.14,0.26,0.46,0.2,1.34,0.83,4.23
1631232,Keion Brooks Jr.,23.7,3.79,7.79,0.47,1.0,3.07,0.28,1.57,2.14,0.47,0.86,3.29,4.14,0.93,0.86,0.71,0.71,0.43,2.14,1.43,10.14
1631243,Mouhamed Gueye,16.14,2.18,5.18,0.41,0.64,2.45,0.26,0.97,1.27,0.36,1.33,2.88,4.21,0.82,0.45,0.85,1.0,0.33,1.67,0.91,5.97
1631245,Quenton Jackson,13.61,2.07,4.36,0.33,0.54,1.43,0.19,1.11,1.43,0.31,0.5,1.07,1.57,1.89,0.57,0.75,0.18,0.46,1.54,1.57,5.79
1631246,Vince Williams Jr.,18.46,2.48,6.19,0.4,0.96,3.52,0.29,0.7,0.89,0.26,0.81,2.81,3.63,2.04,1.22,0.44,0.26,0.26,1.67,1.26,6.63
1631247,Luke Travers,7.32,0.42,1.67,0.13,0.0,0.75,0.0,0.17,0.17,0.08,0.67,1.0,1.67,0.67,0.67,0.08,0.08,0.33,0.5,0.08,1.0
1631248,Baylor Scheierman,12.38,1.26,3.55,0.23,0.84,2.65,0.18,0.29,0.39,0.15,0.61,1.48,2.1,1.06,0.39,0.55,0.06,0.1,0.71,0.58,3.65
1631250,Pete Nance,10.63,1.08,2.46,0.29,0.69,1.85,0.22,0.08,0.15,0.04,0.38,1.23,1.62,0.77,0.31,0.15,0.15,0.08,1.31,0.08,2.92
1631255,Karlo Matković,18.82,3.21,5.6,0.51,0.5,1.57,0.19,0.81,1.05,0.4,1.52,3.45,4.98,1.1,1.02,0.52,0.98,0.26,2.52,0.95,7.74
1631260,AJ Green,22.73,2.49,5.81,0.41,2.12,4.97,0.4,0.3,0.37,0.13,0.25,2.14,2.38,1.48,0.55,0.51,0.1,0.04,2.15,0.68,7.41
1631288,Jamal Cain,13.56,1.84,4.27,0.32,0.7,2.16,0.25,0.92,1.35,0.29,0.73,1.57,2.3,0.59,0.59,0.62,0.24,0.0,1.24,1.0,5.3
1631301,Jaylen Sims,18.63,2.0,4.67,0.48,1.0,2.5,0.4,2.0,2.5,0.65,0.5,0.5,1.0,2.0,1.33,0.5,0.17,0.17,1.67,1.83,7.0
1631303,Justin Minaya,5.3,0.42,1.11,0.15,0.11,0.53,0.04,0.0,0.11,0.0,0.26,0.26,0.53,0.37,0.26,0.32,0.05,0.0,0.63,0.16,0.95
1631306,Cole Swider,16.95,2.2,6.3,0.31,1.5,4.7,0.28,0.0,0.1,0.0,0.5,2.2,2.7,0.3,0.4,0.4,0.2,0.4,1.2,0.3,5.9
1631311,Lester Quinones,14.11,2.38,6.0,0.36,1.0,3.38,0.25,0.85,1.0,0.33,0.31,1.15,1.46,1.85,1.08,0.23,0.15,0.23,1.38,1.38,6.62
1631321,Sidy Cissoko,5.2,0.59,1.36,0.22,0.14,0.59,0.09,0.14,0.41,0.09,0.36,0.59,0.95,0.68,0.5,0.09,0.05,0.23,0.45,0.32,1.45
1631323,Simone Fontecchio,16.49,2.0,4.97,0.37,1.01,3.03,0.29,0.93,1.12,0.37,0.69,2.17,2.87,0.87,0.72,0.41,0.16,0.24,1.27,0.92,5.95
1631342,Daeqwon Plowden,11.92,2.67,4.17,0.41,1.5,2.83,0.29,0.33,0.33,0.17,0.67,1.17,1.83,0.33,0.67,0.0,0.0,0.0,1.67,0.17,7.17
1631386,Taze Moore,9.93,1.0,5.0,0.31,0.5,2.0,0.12,0.5,1.0,0.25,2.0,2.0,4.0,0.5,1.0,1.0,0.0,0.5,0.0,0.5,3.0
1631466,Nate Williams,7.33,1.35,3.1,0.29,0.3,1.3,0.17,0.25,0.4,0.12,0.25,0.4,0.65,0.45,0.7,0.4,0.2,0.0,0.8,0.35,3.25
1641705,Victor Wembanyama,33.2,8.87,18.63,0.47,3.09,8.76,0.34,3.43,4.11,0.74,1.78,9.22,11.0,3.65,3.24,1.13,3.83,0.59,2.28,4.91,24.26
1641706,Brandon Miller,34.21,7.33,18.19,0.41,3.85,10.85,0.36,2.52,2.93,0.72,0.93,3.93,4.85,3.63,2.81,1.07,0.74,0.78,2.74,2.67,21.04
1641707,Taylor Hendricks,24.84,1.33,6.0,0.19,1.0,4.0,0.2,1.0,1.33,0.5,1.67,3.33,5.0,0.67,0.67,1.67,1.33,0.0,2.67,0.67,4.67
1641708,Amen Thompson,32.25,5.62,10.1,0.55,0.36,1.32,0.15,2.45,3.58,0.59,2.78,5.39,8.17,3.84,2.0,1.41,1.29,0.65,2.42,2.54,14.06
1641709,Ausar Thompson,22.5,4.17,7.8,0.53,0.19,0.83,0.12,1.54,2.41,0.48,1.88,3.25,5.14,2.27,1.36,1.66,0.68,0.71,2.78,2.2,10.07
1641710,Anthony Black,24.19,3.36,7.95,0.41,0.79,2.5,0.26,1.92,2.53,0.56,0.67,2.28,2.95,3.08,1.78,1.1,0.62,0.68,2.13,2.33,9.44
1641711,Gradey Dick,29.4,4.91,11.98,0.4,2.11,6.04,0.35,2.46,2.87,0.67,0.81,2.76,3.57,1.81,1.54,0.89,0.19,0.67,2.22,2.35,14.39
1641712,Rayan Rupert,8.84,1.12,2.73,0.24,0.31,1.13,0.13,0.44,0.58,0.17,0.5,0.85,1.35,0.48,0.58,0.31,0.08,0.29,0.71,0.46,2.98
1641713,GG Jackson,15.81,2.55,6.86,0.36,1.1,3.28,0.32,1.0,1.38,0.34,0.93,2.24,3.17,1.0,1.07,0.41,0.17,0.52,1.03,1.1,7.21
1641715,Cam Whitmore,16.21,3.51,7.9,0.4,1.27,3.59,0.3,1.06,1.41,0.39,0.71,2.25,2.96,0.96,0.9,0.61,0.25,0.59,0.86,0.9,9.35
1641716,Jarace Walker,15.82,2.27,4.8,0.45,1.0,2.47,0.3,0.61,0.92,0.25,0.33,2.72,3.05,1.47,1.04,0.72,0.33,0.13,1.53,0.84,6.15
1641717,Cason Wallace,27.59,3.41,7.19,0.47,1.09,3.06,0.36,0.44,0.54,0.22,1.04,2.32,3.37,2.54,0.87,1.76,0.51,0.47,2.13,0.62,8.35
1641718,Keyonte George,31.47,5.36,13.72,0.39,2.6,7.57,0.33,3.48,4.25,0.68,0.39,3.39,3.78,5.63,2.73,0.69,0.13,1.06,1.66,3.39,16.79
1641720,Jalen Hood-Schifino,20.98,2.47,6.53,0.36,0.93,3.07,0.23,1.2,1.4,0.45,0.2,1.6,1.8,2.47,1.2,0.33,0.47,0.27,1.67,1.13,7.07
1641721,Maxwell Lewis,11.7,1.61,3.86,0.28,0.68,1.79,0.27,0.25,0.36,0.12,0.64,1.32,1.96,0.68,0.5,0.32,0.25,0.36,1.04,0.29,4.14
1641722,Jordan Hawkins,23.58,3.7,9.93,0.34,1.96,5.93,0.31,1.43,1.75,0.48,0.45,2.38,2.82,1.18,1.04,0.54,0.41,0.46,0.91,1.3,10.79
1641723,Kobe Bufkin,12.36,1.8,4.7,0.42,0.4,1.9,0.14,1.3,1.8,0.45,0.5,1.6,2.1,1.7,0.8,0.3,0.2,0.6,0.9,1.2,5.3
1641724,Jett Howard,11.69,1.63,4.37,0.33,0.92,3.1,0.25,0.27,0.38,0.1,0.33,0.83,1.17,0.73,0.6,0.22,0.18,0.1,1.13,0.3,4.45
1641725,Trey Alexander,4.88,0.54,1.71,0.21,0.12,0.71,0.05,0.12,0.17,0.06,0.04,0.46,0.5,0.46,0.21,0.08,0.04,0.04,0.42,0.17,1.33
1641726,Dereck Lively II,23.13,3.72,5.31,0.71,0.0,0.0,0.0,1.28,2.03,0.41,2.89,4.61,7.5,2.36,1.14,0.56,1.56,0.64,2.78,1.42,8.72
1641727,Dariq Whitehead,12.3,1.95,4.8,0.27,1.65,3.7,0.29,0.15,0.25,0.07,0.2,1.25,1.45,0.6,0.75,0.3,0.05,0.3,1.1,0.35,5.7
1641729,Brice Sensabaugh,20.17,3.87,8.44,0.43,2.21,5.24,0.36,0.92,1.03,0.38,0.59,2.37,2.96,1.55,1.51,0.65,0.11,0.38,1.56,0.76,10.87
1641730,Noah Clowney,22.66,2.89,8.09,0.35,1.89,5.67,0.29,1.46,1.74,0.49,0.93,3.0,3.93,0.87,1.0,0.52,0.46,0.61,2.28,1.78,9.13
1641731,Bilal Coulibaly,33.01,4.46,10.58,0.41,1.07,3.8,0.25,2.34,3.14,0.66,1.54,3.44,4.98,3.37,2.12,1.32,0.69,0.78,2.36,2.42,12.32
1641732,Colby Jones,13.2,1.51,3.31,0.33,0.41,1.26,0.18,0.59,0.9,0.19,0.54,1.69,2.23,1.13,0.59,0.67,0.33,0.26,0.95,0.85,4.03
1641733,Nick Smith Jr.,22.81,3.7,9.47,0.37,1.73,5.1,0.32,0.72,0.77,0.28,0.22,1.92,2.13,2.42,1.37,0.28,0.1,0.38,1.32,0.67,9.85
1641734,Emoni Bates,7.48,1.3,3.8,0.2,1.1,3.0,0.27,0.0,0.0,0.0,0.0,0.7,0.7,0.8,0.2,0.1,0.1,0.0,0.4,0.0,3.7
1641736,Reece Beekman,13.04,0.97,2.97,0.25,0.19,1.11,0.11,0.44,0.58,0.18,0.36,0.72,1.08,1.75,0.58,0.92,0.06,0.22,1.0,0.78,2.58
1641737,Adem Bona,15.6,2.33,3.31,0.57,0.0,0.02,0.0,1.16,1.72,0.37,1.59,2.64,4.22,0.47,1.05,0.45,1.19,0.22,2.16,1.55,5.81
1641738,Kobe Brown,6.81,0.82,1.8,0.33,0.15,0.65,0.13,0.12,0.18,0.1,0.48,1.15,1.62,0.6,0.3,0.18,0.1,0.08,0.57,0.28,1.92
1641739,Toumani Camara,32.67,4.21,9.18,0.45,1.73,4.62,0.35,1.17,1.62,0.39,2.22,3.55,5.77,2.24,1.4,1.49,0.64,0.36,2.95,2.83,11.31
1641740,Jaylen Clark,13.05,1.4,3.0,0.37,0.55,1.27,0.26,0.72,0.92,0.2,0.65,0.68,1.32,0.65,0.2,0.9,0.05,0.25,1.52,0.75,4.08
1641741,Ricky Council IV,17.12,2.42,6.34,0.35,0.75,2.92,0.22,1.68,2.1,0.47,0.7,2.23,2.93,1.33,0.71,0.44,0.18,0.34,0.92,1.6,7.29
1641744,Zach Edey,21.45,3.8,6.56,0.6,0.27,0.79,0.16,1.36,1.92,0.5,3.52,4.79,8.3,0.98,1.33,0.55,1.29,0.47,2.76,1.79,9.24
1641745,Adam Flagler,5.49,0.68,2.59,0.21,0.38,1.95,0.17,0.03,0.05,0.01,0.19,0.54,0.73,0.32,0.11,0.22,0.08,0.05,0.41,0.03,1.76
1641748,Andre Jackson Jr.,14.63,1.4,2.94,0.38,0.45,1.13,0.23,0.18,0.36,0.08,0.97,1.75,2.72,1.24,0.87,0.51,0.21,0.1,1.7,0.4,3.43
1641752,Bobi Klintman,5.3,0.75,1.25,0.09,0.25,0.62,0.06,0.12,0.25,0.06,0.12,0.75,0.88,0.88,0.12,0.25,0.12,0.0,1.0,0.25,1.88
1641753,Chris Livingston,5.04,0.43,1.29,0.19,0.0,0.38,0.0,0.57,0.76,0.26,0.48,1.19,1.67,0.24,0.29,0.24,0.0,0.24,0.38,0.48,1.43
1641755,Kevin McCullar Jr.,7.29,0.5,1.75,0.19,0.0,0.25,0.0,0.5,0.5,0.25,0.0,2.0,2.0,0.5,0.0,0.25,0.25,0.25,1.5,0.75,1.5
1641757,Jordan Miller,11.36,1.57,3.62,0.32,0.22,1.03,0.09,0.76,0.95,0.27,0.62,0.95,1.57,0.92,0.7,0.46,0.14,0.32,0.7,0.7,4.11
1641763,Julian Phillips,14.21,1.62,3.63,0.43,0.63,1.94,0.27,0.76,0.96,0.29,0.85,1.29,2.14,0.49,0.34,0.48,0.25,0.22,1.37,0.76,4.63
1641764,Brandin Podziemski,26.82,4.38,9.83,0.41,1.8,4.83,0.34,1.12,1.48,0.41,1.02,4.06,5.08,3.44,1.17,1.08,0.2,0.41,1.48,1.92,11.67
1641765,Olivier-Maxence Prosper,11.23,1.35,3.35,0.3,0.23,0.98,0.12,0.94,1.46,0.28,0.85,1.58,2.42,0.77,0.27,0.5,0.12,0.33,0.54,1.02,3.87
1641766,Adama Sanogo,5.37,1.0,1.75,0.5,0.0,0.0,0.0,0.0,0.0,0.0,1.25,0.25,1.5,0.25,0.25,0.0,0.0,0.25,0.25,0.25,2.0
1641767,Ben Sheppard,19.52,1.9,4.56,0.38,1.08,3.16,0.29,0.38,0.43,0.19,0.7,2.11,2.81,1.35,0.35,0.6,0.22,0.21,1.98,0.56,5.27
1641772,Nae'Qwan Tomlin,12.68,2.6,6.4,0.51,0.4,2.0,0.05,1.6,2.2,0.45,1.8,2.4,4.2,0.4,0.4,0.0,0.2,0.8,1.8,1.6,7.2
1641774,Tristan Vukcevic,14.64,3.43,6.91,0.51,1.09,2.91,0.29,1.49,1.91,0.55,0.74,2.97,3.71,1.11,1.2,0.31,0.66,0.26,1.63,1.66,9.43
1641775,Jordan Walsh,7.75,0.58,1.6,0.23,0.29,1.06,0.15,0.13,0.23,0.06,0.44,0.88,1.33,0.37,0.33,0.23,0.21,0.06,0.58,0.29,1.58
1641779,Jalen Bridges,3.8,0.25,0.88,0.25,0.25,0.88,0.25,0.38,0.5,0.19,0.0,0.5,0.5,0.0,0.5,0.0,0.0,0.0,0.0,0.38,1.12
1641783,Tristan da Silva,22.01,2.69,6.53,0.39,1.08,3.23,0.29,0.74,0.85,0.33,0.99,2.32,3.31,1.53,0.76,0.45,0.24,0.32,1.27,0.77,7.2
1641787,Tosan Evbuomwan,23.75,3.36,7.86,0.4,0.86,2.75,0.29,1.96,2.61,0.6,1.14,3.14,4.29,1.96,1.39,0.86,0.36,0.75,1.96,2.11,9.54
1641789,Jazian Gortman,3.54,0.56,1.44,0.29,0.25,0.69,0.17,0.12,0.25,0.06,0.06,0.25,0.31,0.38,0.31,0.12,0.06,0.06,0.56,0.12,1.5
1641790,PJ Hall,3.48,0.74,1.26,0.39,0.11,0.42,0.11,0.16,0.21,0.08,0.32,0.84,1.16,0.21,0.11,0.0,0.21,0.11,0.58,0.16,1.74
1641794,Dillon Jones,10.21,0.94,2.46,0.21,0.3,1.17,0.11,0.31,0.52,0.14,0.56,1.69,2.24,1.07,0.52,0.3,0.07,0.2,1.0,0.39,2.5
1641796,Pelle Larsson,14.22,1.62,3.69,0.36,0.58,1.73,0.27,0.75,1.11,0.28,0.51,1.16,1.67,1.18,0.44,0.58,0.13,0.2,1.65,1.0,4.56
1641798,Jaylen Martin,14.91,1.94,4.62,0.32,0.44,1.44,0.2,0.56,0.62,0.29,0.69,2.06,2.75,1.06,0.75,0.56,0.0,0.31,0.88,0.5,4.88
1641801,Emanuel Miller,4.12,0.67,1.33,0.21,0.0,0.17,0.0,0.33,0.33,0.17,0.67,0.67,1.33,0.33,0.0,0.17,0.0,0.0,0.5,0.17,1.67
1641803,Tristen Newton,2.02,0.12,1.0,0.06,0.0,0.38,0.0,0.12,0.12,0.12,0.25,0.25,0.5,0.25,0.25,0.12,0.0,0.12,0.5,0.12,0.38
1641809,Drew Peterson,7.45,0.68,1.64,0.35,0.52,1.32,0.3,0.28,0.36,0.12,0.36,1.24,1.6,0.52,0.32,0.2,0.08,0.12,0.72,0.28,2.16
1641810,Antonio Reeves,14.99,2.57,5.64,0.44,1.16,2.93,0.33,0.64,0.8,0.27,0.41,1.02,1.43,0.89,0.68,0.48,0.09,0.32,0.91,0.5,6.93
1641815,Isaiah Stevens,1.85,0.0,0.67,0.0,0.0,0.33,0.0,0.0,0.0,0.0,0.0,0.67,0.67,0.0,0.0,0.33,0.0,0.0,0.0,0.0,0.0
1641816,Hunter Tyson,7.84,0.88,2.35,0.28,0.45,1.45,0.25,0.41,0.55,0.21,0.49,1.04,1.53,0.39,0.27,0.2,0.12,0.22,0.86,0.35,2.63
1641817,Anton Watson,2.46,0.44,1.0,0.39,0.0,0.11,0.0,0.0,0.0,0.0,0.11,0.22,0.33,0.22,0.22,0.11,0.0,0.11,0.33,0.0,0.89
1641824,Matas Buzelis,18.89,3.15,6.94,0.41,1.2,3.32,0.32,1.1,1.35,0.44,0.69,2.79,3.48,0.99,0.92,0.36,0.94,0.36,1.6,1.0,8.6
1641842,Ronald Holland II,15.63,2.43,5.14,0.46,0.44,1.86,0.16,1.14,1.51,0.47,0.49,2.2,2.69,1.01,0.89,0.6,0.21,0.28,1.74,1.38,6.44
1641854,Craig Porter Jr.,10.06,1.41,2.75,0.37,0.41,0.94,0.16,0.45,0.63,0.21,0.37,0.94,1.31,1.39,0.75,0.33,0.29,0.39,0.49,0.45,3.69
1641857,Liam Robbins,4.38,0.15,0.62,0.12,0.0,0.15,0.0,0.38,0.77,0.13,0.54,0.38,0.92,0.15,0.46,0.15,0.15,0.23,0.69,0.77,0.69
1641871,Duop Reath,10.2,1.52,3.61,0.36,0.74,2.3,0.23,0.43,0.48,0.17,0.96,1.04,2.0,0.57,0.35,0.26,0.3,0.2,0.89,0.37,4.22
1641878,Damion Baugh,24.7,2.8,8.67,0.33,0.8,3.73,0.19,0.87,1.0,0.3,0.93,2.4,3.33,3.73,2.07,1.0,0.13,0.6,1.47,1.2,7.27
1641879,Yuri Collins,8.15,0.5,1.5,0.17,0.0,0.0,0.0,0.0,0.0,0.0,1.0,0.5,1.5,2.0,0.0,1.0,0.0,0.0,2.5,0.5,1.0
1641890,Tyler Smith,5.29,1.04,2.17,0.39,0.57,1.3,0.22,0.26,0.35,0.09,0.26,0.83,1.09,0.17,0.35,0.13,0.17,0.04,0.48,0.3,2.91
1641936,Miles Norris,11.64,0.67,3.0,0.11,0.67,2.33,0.17,0.33,0.67,0.17,0.67,2.33,3.0,0.0,0.0,0.67,0.33,0.33,0.0,0.33,2.33
1641989,Elijah Harkless,13.8,1.1,3.5,0.18,0.7,2.5,0.13,0.3,0.6,0.15,0.9,1.2,2.1,0.8,0.3,1.0,0.1,0.0,1.8,1.2,3.2
1641998,Trey Jemison III,10.32,1.08,1.95,0.46,0.0,0.0,0.0,0.34,0.87,0.15,1.16,1.61,2.76,0.42,0.63,0.24,0.39,0.26,1.82,0.53,2.5
1642024,Alex Reese,14.4,1.73,3.6,0.56,1.0,2.73,0.37,0.6,0.8,0.37,0.6,2.53,3.13,0.27,0.4,0.67,0.67,0.07,1.4,0.67,5.07
1642050,Jackson Rowe,8.62,1.33,2.83,0.56,0.5,1.67,0.28,0.5,1.0,0.25,0.5,1.33,1.83,0.67,0.17,0.67,0.0,0.0,0.67,0.5,3.67
1642258,Zaccharie Risacher,24.58,4.76,10.39,0.44,1.63,4.59,0.32,1.41,1.99,0.47,1.15,2.43,3.57,1.23,1.23,0.69,0.49,0.71,1.99,1.41,12.56
1642259,Alex Sarr,27.08,4.87,12.36,0.39,1.57,5.09,0.29,1.67,2.46,0.49,1.85,4.64,6.49,2.4,1.7,0.66,1.51,0.58,2.18,1.84,12.97
1642261,Dalton Knecht,19.15,3.29,7.14,0.44,1.64,4.36,0.34,0.82,1.08,0.3,0.47,2.29,2.77,0.85,0.47,0.31,0.1,0.35,1.19,0.74,9.05
1642262,Cody Williams,21.19,1.66,5.14,0.29,0.7,2.7,0.23,0.58,0.8,0.25,0.54,1.72,2.26,1.18,0.88,0.46,0.32,0.34,1.9,0.62,4.6
1642263,Reed Sheppard,12.58,1.62,4.6,0.3,0.92,2.73,0.25,0.25,0.31,0.12,0.31,1.19,1.5,1.44,0.71,0.67,0.33,0.25,1.02,0.21,4.4
1642264,Stephon Castle,26.69,5.22,12.2,0.41,1.17,4.11,0.27,3.07,4.25,0.62,1.1,2.57,3.67,4.1,2.19,0.91,0.27,0.81,2.02,3.23,14.69
1642265,Rob Dillingham,10.53,1.9,4.31,0.33,0.51,1.51,0.19,0.16,0.31,0.07,0.24,0.78,1.02,2.0,1.08,0.41,0.02,0.16,0.76,0.57,4.47
1642266,Ja'Kobe Walter,21.22,3.06,7.56,0.4,1.25,3.58,0.28,1.27,1.6,0.43,1.13,1.94,3.08,1.56,0.96,0.83,0.19,0.75,1.83,1.38,8.63
1642267,Bub Carrington,29.97,3.66,9.12,0.39,1.68,4.96,0.32,0.84,1.04,0.36,0.4,3.76,4.16,4.44,1.72,0.66,0.26,0.28,2.32,1.35,9.84
1642268,Isaiah Collier,25.9,3.3,7.82,0.4,0.59,2.38,0.18,1.48,2.17,0.41,0.45,2.86,3.31,6.28,2.93,0.93,0.23,0.77,2.1,1.9,8.66
1642269,Devin Carter,11.0,1.31,3.53,0.26,0.5,1.69,0.21,0.72,1.22,0.3,0.53,1.58,2.11,1.14,0.5,0.58,0.11,0.14,1.08,1.31,3.83
1642270,Donovan Clingan,19.76,2.69,4.99,0.53,0.21,0.73,0.15,0.93,1.55,0.32,3.24,4.63,7.87,1.15,1.07,0.51,1.64,0.34,2.82,1.46,6.51
1642271,Kyle Filipowski,21.13,3.61,7.19,0.49,1.07,3.06,0.28,1.29,1.99,0.42,1.56,4.56,6.11,1.94,1.42,0.67,0.31,0.56,2.38,1.74,9.58
1642272,Jared McCain,25.73,5.48,11.91,0.44,2.22,5.78,0.33,2.13,2.43,0.53,0.57,1.87,2.43,2.61,1.61,0.65,0.0,0.48,1.61,1.96,15.3
1642273,Kyshawn George,26.5,2.99,8.03,0.35,1.68,5.21,0.29,1.03,1.37,0.33,0.72,3.47,4.19,2.49,1.43,1.0,0.74,0.53,2.96,1.37,8.68
1642274,Yves Missi,26.79,3.68,6.74,0.53,0.0,0.01,0.0,1.74,2.79,0.45,3.49,4.74,8.23,1.36,1.12,0.51,1.34,0.89,1.99,2.27,9.11
1642275,Tidjane Salaün,20.74,1.9,5.75,0.35,0.97,3.42,0.28,1.12,1.57,0.35,1.17,3.5,4.67,1.23,0.97,0.48,0.23,0.48,1.4,1.32,5.88
1642276,Kel'el Ware,22.23,4.02,7.25,0.53,0.55,1.73,0.2,0.72,1.05,0.26,1.81,5.58,7.39,0.94,0.89,0.61,1.11,0.27,1.73,0.86,9.3
1642277,Johnny Furphy,7.59,0.7,1.84,0.2,0.3,1.0,0.13,0.36,0.44,0.15,0.46,0.96,1.42,0.38,0.24,0.36,0.22,0.22,0.82,0.46,2.06
1642278,Tyler Kolek,7.22,0.66,2.0,0.29,0.34,1.15,0.18,0.32,0.41,0.13,0.2,0.46,0.66,1.71,0.44,0.29,0.1,0.07,0.63,0.51,1.98
1642279,Ulrich Chomche,4.6,0.29,0.71,0.29,0.0,0.0,0.0,0.14,0.29,0.07,0.57,0.57,1.14,0.29,0.29,0.0,0.14,0.0,0.71,0.14,0.71
1642280,Trentyn Flowers,4.42,0.67,1.83,0.07,0.0,0.33,0.0,0.5,0.5,0.33,0.17,0.5,0.67,0.0,0.17,0.0,0.0,0.0,0.67,0.33,1.83
1642281,Jaylon Tyson,9.64,1.36,3.17,0.29,0.43,1.23,0.22,0.4,0.51,0.19,0.79,1.26,2.04,0.94,0.55,0.28,0.06,0.23,1.06,0.53,3.55
1642285,Cam Spencer,10.09,1.36,3.28,0.29,0.76,2.08,0.21,0.76,0.76,0.32,0.48,0.72,1.2,1.36,0.24,0.36,0.04,0.04,0.92,0.56,4.24
1642345,Oso Ighodaro,17.14,1.85,3.07,0.51,0.0,0.03,0.0,0.48,0.82,0.19,1.08,2.56,3.64,1.16,0.64,0.46,0.48,0.25,1.67,0.77,4.18
1642346,Ryan Dunn,19.06,2.77,6.45,0.38,1.11,3.57,0.26,0.26,0.53,0.13,1.24,2.36,3.61,0.77,0.54,0.59,0.54,0.28,2.19,0.38,6.91
1642347,Jamal Shead,19.56,2.72,6.72,0.41,0.96,2.97,0.32,0.71,0.92,0.34,0.4,1.13,1.53,4.21,1.56,0.77,0.13,0.39,2.11,1.32,7.11
1642348,Justin Edwards,26.24,3.91,8.59,0.44,1.57,4.32,0.32,0.73,1.05,0.24,1.05,2.32,3.36,1.57,1.11,1.02,0.36,0.57,2.23,0.86,10.11
1642349,Ajay Mitchell,16.58,2.53,5.11,0.45,0.64,1.67,0.33,0.81,0.97,0.41,0.5,1.39,1.89,1.78,0.81,0.69,0.11,0.31,1.89,1.53,6.5
1642352,Keshad Johnson,6.13,1.12,1.62,0.25,0.19,0.44,0.1,0.25,0.56,0.14,0.38,1.38,1.75,0.25,0.25,0.31,0.25,0.19,0.69,0.38,2.69
1642353,Cam Christie,4.51,0.54,1.85,0.19,0.15,1.0,0.06,0.15,0.31,0.08,0.23,0.69,0.92,0.46,0.15,0.38,0.08,0.08,0.31,0.23,1.38
1642354,KJ Simpson,23.39,2.89,8.36,0.32,0.92,3.61,0.21,1.14,1.39,0.42,1.08,1.94,3.03,3.11,1.56,0.94,0.17,0.5,1.56,2.14,7.83
1642355,Bronny James,6.71,0.78,2.48,0.24,0.33,1.19,0.18,0.41,0.52,0.2,0.15,0.52,0.67,0.81,0.48,0.33,0.11,0.19,0.48,0.37,2.3
1642358,AJ Johnson,22.01,2.83,7.34,0.39,0.83,3.1,0.23,1.1,1.28,0.42,0.28,1.76,2.03,2.62,1.21,0.41,0.1,0.62,1.72,0.93,7.59
1642359,Pacôme Dadiet,6.18,0.56,1.72,0.2,0.33,1.06,0.13,0.22,0.33,0.09,0.17,0.83,1.0,0.28,0.22,0.17,0.11,0.06,0.39,0.33,1.67
1642366,Quinten Post,16.33,2.93,6.52,0.43,1.74,4.26,0.35,0.5,0.64,0.29,0.83,2.69,3.52,1.33,0.79,0.38,0.43,0.38,1.98,0.57,8.1
1642367,Jonathan Mogbo,20.41,2.48,5.65,0.43,0.27,1.11,0.16,0.95,1.3,0.35,1.73,3.21,4.94,2.32,1.11,0.87,0.54,0.49,2.16,1.11,6.17
1642368,N'Faly Dante,12.65,2.5,3.25,0.87,0.0,0.0,0.0,1.0,1.25,0.42,1.5,3.75,5.25,0.5,0.5,0.25,1.25,0.0,2.25,0.75,6.0
1642377,Jaylen Wells,25.87,3.63,8.56,0.41,1.75,4.96,0.32,1.41,1.71,0.47,1.1,2.29,3.39,1.71,0.87,0.56,0.1,0.42,1.85,1.9,10.42
1642382,Branden Carlson,7.7,1.34,3.03,0.41,0.69,2.06,0.31,0.44,0.56,0.18,0.53,1.16,1.69,0.44,0.22,0.16,0.66,0.12,0.69,0.41,3.81
1642384,Isaiah Crawford,3.04,0.33,0.73,0.2,0.07,0.33,0.07,0.13,0.27,0.07,0.07,0.47,0.53,0.07,0.07,0.07,0.13,0.0,0.13,0.07,0.87
1642385,Cui Yongxi,2.06,0.2,1.4,0.03,0.0,0.6,0.0,0.2,0.4,0.1,0.0,0.4,0.4,0.0,0.0,0.0,0.0,0.2,0.0,0.2,0.6
1642389,Zyon Pullin,0.87,0.0,0.33,0.0,0.0,0.0,0.0,0.0,0.0,0.0,0.0,0.0,0.0,0.0,0.0,0.0,0.0,0.0,0.0,0.0,0.0
1642399,Jesse Edwards,2.33,0.0,0.0,0.0,0.0,0.0,0.0,0.0,0.0,0.0,0.0,0.0,0.0,0.5,0.0,0.0,0.0,0.0,1.0,0.5,0.0
1642402,Enrique Freeman,8.24,0.73,1.68,0.34,0.05,0.45,0.02,0.59,0.86,0.25,0.5,0.86,1.36,0.41,0.27,0.14,0.14,0.14,0.95,0.68,2.09
1642403,Isaac Jones,7.6,1.35,2.08,0.47,0.08,0.2,0.06,0.57,0.9,0.23,0.55,0.88,1.42,0.3,0.4,0.12,0.25,0.32,0.75,0.75,3.35
1642419,Jamison Battle,17.66,2.53,5.88,0.4,1.78,4.39,0.36,0.27,0.31,0.14,0.63,2.05,2.68,0.9,0.46,0.29,0.17,0.24,1.56,0.42,7.1
1642422,Armel Traore,7.41,0.67,2.11,0.36,0.0,0.78,0.0,0.22,0.78,0.04,0.22,1.44,1.67,0.11,0.33,0.44,0.22,0.11,0.67,0.56,1.56
1642434,Riley Minix,6.75,0.0,1.0,0.0,0.0,1.0,0.0,0.0,0.0,0.0,0.0,2.0,2.0,0.0,0.0,0.0,0.0,0.0,0.0,0.0,0.0
1642439,Quincy Olivari,5.15,0.5,2.5,0.17,0.5,2.5,0.17,0.0,0.0,0.0,0.0,0.0,0.0,0.5,0.5,0.0,0.0,0.0,0.0,0.5,1.5
1642443,Jahmir Young,4.94,0.67,0.83,0.5,0.17,0.33,0.17,0.33,0.33,0.17,0.17,0.33,0.5,1.0,0.17,0.0,0.0,0.17,0.33,0.17,1.83
1642449,Tolu Smith,22.35,6.0,9.0,0.67,0.0,0.0,0.0,2.0,3.0,0.67,4.0,4.0,8.0,0.0,2.0,0.0,0.0,2.0,3.0,4.0,14.0
1642450,Daniss Jenkins,3.25,0.43,1.43,0.18,0.14,1.0,0.14,0.0,0.29,0.0,0.0,0.29,0.29,0.43,0.14,0.0,0.0,0.0,0.29,0.29,1.0
1642461,Spencer Jones,6.23,0.55,1.7,0.12,0.05,0.85,0.02,0.15,0.15,0.1,0.4,0.45,0.85,0.25,0.25,0.25,0.25,0.0,0.85,0.1,1.3
1642484,RayJ Dennis,6.4,1.0,3.0,0.18,0.55,1.91,0.16,0.18,0.18,0.09,0.18,0.91,1.09,1.27,0.45,0.64,0.18,0.27,0.64,0.18,2.73
1642502,Malevy Leons,3.49,0.0,0.33,0.0,0.0,0.17,0.0,0.33,0.67,0.17,0.17,0.33,0.5,0.17,0.17,0.0,0.0,0.17,0.67,0.33,0.33
1642505,Alex Ducas,5.97,0.57,1.43,0.29,0.48,1.0,0.29,0.1,0.1,0.05,0.43,0.81,1.24,0.24,0.19,0.24,0.0,0.05,0.57,0.05,1.71
1642530,Yuki Kawamura,4.21,0.5,1.36,0.15,0.32,1.05,0.1,0.32,0.41,0.14,0.0,0.55,0.55,0.86,0.23,0.09,0.0,0.0,0.36,0.27,1.64
